{"type": "FeatureCollection", "features": [{"type": "Feature", "properties": {}, "geometry": {"type": "MultiPolygon", "coordinates": [[[[32.0272, -28.8396], [31.7782, -28.9371], [31.3352, -29.3781], [30.938465276145713, -30.0], [30.0, -30.0], [30.0, 30.0], [47.14734861460958, 30.0], [47.107317272111324, 29.946903548780714], [47.14744426229508, 30.0], [47.98099333333334, 30.0], [48.1435, 29.5725], [47.9696, 29.6167], [47.7227, 29.393], [48.0515, 29.3554], [48.1838, 28.9794], [48.809, 27.8959], [48.7972, 27.7243], [49.2375, 27.4927], [49.1751, 27.4376], [49.4053, 27.181], [49.5377, 27.1518], [49.7165, 26.9559], [49.9861, 26.8289], [50.1498, 26.6626], [50.0081, 26.6785], [50.0273, 26.5269], [50.185, 26.4049], [50.2139, 26.3085], [50.1555, 26.1005], [50.0316, 26.111], [50.0811, 25.9614], [50.239, 25.6229], [50.4552, 25.4248], [50.5579, 25.0867], [50.8044, 24.7893], [50.8468, 24.8886], [50.7546, 25.3993], [51.0031, 25.9814], [51.2623, 26.1533], [51.5431, 25.9024], [51.5723, 25.781], [51.4854, 25.5247], [51.6089, 25.0529], [51.4279, 24.6683], [51.268, 24.6072], [51.4184, 24.531], [51.3099, 24.3404], [51.5684, 24.2862], [51.6055, 24.3384], [51.6646, 24.2504], [51.7676, 24.2544], [51.8432, 24.0109], [52.1186, 23.9711], [52.6482, 24.1546], [53.8018, 24.0695], [54.1479, 24.1712], [54.3971, 24.2782], [54.7468, 24.8104], [55.0981, 25.0416], [55.5229, 25.4981], [55.9412, 25.794], [56.1645, 26.207], [56.3056, 26.2352], [56.4131, 26.3512], [56.3736, 25.8046], [56.2979, 25.6507], [56.3635, 25.5694], [56.3729, 25.0183], [56.6406, 24.4703], [56.9125, 24.1502], [57.2198, 23.9228], [58.3245, 23.6238], [58.578, 23.6435], [58.773, 23.5172], [59.4294, 22.6608], [59.8232, 22.509], [59.8244, 22.3052], [59.3715, 21.4988], [58.8957, 21.1128], [58.4742, 20.4069], [58.209, 20.424], [58.245, 20.5992], [58.1694, 20.5895], [57.8618, 20.2441], [57.7142, 19.6784], [57.8116, 19.0171], [57.1766, 18.9026], [56.826, 18.7535], [56.6551, 18.5874], [56.5508, 18.166], [56.3835, 17.988], [55.4791, 17.8433], [55.2554, 17.5856], [55.2752, 17.3209], [55.0642, 17.0389], [54.7719, 16.9646], [54.5665, 17.0312], [54.0682, 17.0055], [53.6099, 16.76], [53.2978, 16.7233], [52.5814, 16.4704], [52.2373, 16.1714], [52.174, 15.9568], [52.2175, 15.6555], [51.6037, 15.3368], [49.3499, 14.6378], [49.048, 14.4564], [48.9287, 14.2675], [48.6684, 14.0501], [48.2778, 13.9977], [47.9899, 14.0481], [47.4077, 13.6616], [46.7889, 13.4656], [45.6573, 13.3387], [45.3936, 13.067], [45.1639, 12.9983], [45.0387, 12.8159], [44.7553, 12.7638], [44.6178, 12.8172], [44.3585, 12.6691], [44.0059, 12.6077], [43.6344, 12.7445], [43.4876, 12.6988], [43.4753, 12.839], [43.2319, 13.2671], [43.2824, 13.6925], [43.2341, 13.8589], [43.0891, 14.011], [42.9364, 14.9386], [42.8557, 15.133], [42.6578, 15.2328], [42.6979, 15.3263], [42.7885, 15.2657], [42.799, 15.3263], [42.7172, 15.6546], [42.8396, 16.032], [42.7898, 16.4516], [42.6988, 16.737], [42.3833, 17.1225], [42.2939, 17.435], [41.658, 18.0077], [41.4317, 18.4524], [41.2295, 18.6784], [41.116, 19.0822], [40.7592, 19.7555], [40.0807, 20.2659], [39.7283, 20.3903], [39.2761, 20.974], [39.0936, 21.3104], [39.1471, 21.519], [38.9879, 21.8817], [39.0959, 22.3928], [39.062, 22.5922], [38.4642, 23.7119], [37.9197, 24.1854], [37.5431, 24.2917], [37.1809, 24.82], [37.2663, 24.9601], [37.1488, 25.2911], [36.9207, 25.6412], [36.7627, 25.7513], [36.6752, 26.0389], [36.5187, 26.1049], [36.2496, 26.5948], [35.1805, 28.0349], [34.7221, 28.1307], [34.625, 28.0645], [34.7799, 28.5073], [34.9734, 29.555], [34.7364, 29.2706], [34.6172, 28.7579], [34.4465, 28.3573], [34.3997, 28.016], [34.2201, 27.7643], [33.7603, 28.0477], [33.2478, 28.5677], [33.1302, 28.9783], [32.7215, 29.5218], [32.5657, 29.974], [32.473, 29.9254], [32.4895, 29.8515], [32.3598, 29.6307], [32.599, 29.3219], [32.6318, 28.9922], [32.8982, 28.5652], [33.5471, 27.8981], [33.5498, 27.6074], [33.8493, 27.1849], [33.9591, 26.649], [34.5651, 25.6912], [35.1941, 24.4751], [35.4778, 24.1548], [35.7839, 23.9378], [35.5408, 23.9207], [35.5044, 23.7793], [35.5228, 23.4425], [35.6979, 22.9462], [35.9134, 22.7396], [36.2297, 22.6288], [36.4146, 22.3942], [36.8297, 22.0977], [36.927, 21.5865], [37.2586, 21.1085], [37.2572, 21.0394], [37.1506, 21.1038], [37.1411, 20.9818], [37.2275, 20.5567], [37.1932, 20.1207], [37.2484, 19.5819], [37.4713, 18.8201], [37.9219, 18.5559], [38.2018, 18.2494], [38.2831, 18.2867], [38.574, 18.0729], [38.9117, 17.4271], [39.1426, 16.7292], [39.2989, 15.9211], [39.4223, 15.7867], [39.5065, 15.5321], [39.6313, 15.4525], [39.7855, 15.1249], [39.8638, 15.4703], [40.041, 15.3345], [40.0841, 15.152], [40.2041, 15.0141], [40.5463, 14.9336], [40.7993, 14.743], [41.1765, 14.6203], [41.6582, 13.9831], [42.2451, 13.5876], [42.3993, 13.2126], [42.5229, 13.2215], [42.7345, 13.0186], [42.7962, 12.8643], [42.9695, 12.8083], [42.999, 12.8995], [43.0829, 12.8246], [43.1309, 12.6604], [43.3535, 12.367], [43.4098, 12.1899], [43.3367, 12.027], [42.799, 11.7394], [42.64, 11.5601], [42.5218, 11.5722], [42.5397, 11.5043], [42.9115, 11.5866], [43.1617, 11.566], [43.4412, 11.3464], [43.8527, 10.7843], [44.2793, 10.4719], [44.943, 10.4367], [45.8167, 10.8359], [46.565, 10.746], [47.405, 11.174], [47.7125, 11.112], [48.0192, 11.1394], [48.5726, 11.3205], [49.0621, 11.2708], [50.1101, 11.5293], [50.4662, 11.7275], [50.6359, 11.9438], [50.7923, 11.9837], [51.2549, 11.8307], [51.0843, 11.3356], [51.1406, 10.6569], [51.0318, 10.4448], [51.1883, 10.4797], [51.193, 10.5546], [51.3902, 10.4226], [51.2088, 10.4311], [50.9301, 10.3355], [50.825, 9.4282], [50.4298, 8.8453], [50.1028, 8.1998], [49.8521, 7.9625], [49.6712, 7.4695], [49.235, 6.7773], [49.0493, 6.1736], [47.9753, 4.497], [46.8788, 3.2856], [46.0512, 2.4751], [44.9202, 1.8102], [43.7176, 0.8579], [41.9799, -0.973], [41.7322, -1.4301], [41.3869, -1.867], [41.1068, -1.9823], [40.9955, -1.9506], [40.9521, -2.056], [40.8897, -2.0235], [40.9224, -2.1938], [40.8132, -2.3924], [40.6441, -2.5395], [40.4045, -2.5557], [40.2785, -2.6286], [40.1798, -2.819], [40.1947, -3.0192], [40.1154, -3.2506], [39.8609, -3.5768], [39.8191, -3.786], [39.4909, -4.4784], [39.377, -4.6255], [39.2281, -4.6655], [38.8192, -5.8776], [38.8047, -6.0701], [38.874, -6.3312], [39.1255, -6.556], [39.2873, -6.8149], [39.4724, -6.8786], [39.5461, -7.024], [39.2885, -7.5179], [39.287, -7.7877], [39.3305, -7.7467], [39.4284, -7.8128], [39.441, -8.0115], [39.304, -8.4438], [39.3773, -8.7208], [39.4884, -8.8618], [39.4513, -8.943], [39.6413, -9.1925], [39.6255, -9.4095], [39.7838, -9.9146], [39.7252, -10.0005], [39.8638, -10.022], [39.9836, -10.1596], [40.0837, -10.1566], [40.3888, -10.3535], [40.6117, -10.6615], [40.4866, -10.7651], [40.5972, -10.8307], [40.4028, -11.332], [40.5315, -12.0046], [40.4871, -12.4922], [40.5809, -12.6355], [40.5533, -12.8246], [40.4368, -12.9831], [40.5688, -12.9847], [40.5957, -14.1229], [40.7156, -14.2145], [40.6461, -14.5387], [40.7267, -14.4207], [40.8182, -14.4676], [40.8352, -14.7915], [40.6178, -15.1155], [40.651, -15.2609], [40.559, -15.4734], [40.1088, -15.9793], [39.9836, -16.2255], [39.7909, -16.2945], [39.8446, -16.4356], [39.2423, -16.7926], [39.0844, -16.9729], [38.6699, -17.0503], [38.1449, -17.2428], [37.5123, -17.5707], [36.9394, -17.9935], [36.8996, -18.129], [36.5401, -18.5182], [36.4037, -18.7697], [36.3272, -18.7932], [36.2629, -18.7196], [36.2356, -18.8613], [36.125, -18.8424], [35.8537, -18.9934], [35.3653, -19.4939], [34.9479, -19.8127], [34.8523, -19.8205], [34.6494, -19.7014], [34.7558, -19.822], [34.7051, -20.473], [34.9823, -20.8062], [35.128, -21.3953], [35.2677, -21.651], [35.3157, -22.3969], [35.383, -22.4546], [35.4563, -22.1159], [35.5301, -22.2481], [35.4902, -22.6577], [35.5754, -22.9631], [35.3704, -23.7982], [35.542, -23.8244], [35.4896, -24.0655], [35.2549, -24.4303], [34.9921, -24.6506], [33.3475, -25.2609], [32.7922, -25.6443], [32.5904, -26.0041], [32.8488, -26.2681], [32.9549, -26.0836], [32.8491, -27.0802], [32.657, -27.6073], [32.5348, -28.1997], [32.2857, -28.6215], [32.0272, -28.8396]], [[34.0781, 9.4615], [34.10039226529528, 8.723033439522304], [34.08039542685567, 9.476088471153771], [34.0781, 9.4615]], [[36.1354, 12.8053], [36.1602, 13.0933], [36.12807305823448, 12.7846059852644], [36.1354, 12.8053]], [[30.8307, -8.3855], [30.7209, -8.1044], [30.7512, -8.1937], [30.8307, -8.3855]], [[33.9439, -9.6722], [33.8542, -9.663], [33.8889, -9.6701], [33.9439, -9.6722]], [[33.9537, -9.6582], [33.95313697076426, -9.64544258146352], [33.9439, -9.6722], [33.9537, -9.6582]], [[34.58, -10.3198], [34.57198761266373, -10.284376058138772], [34.5750774159532, -10.348427454796404], [34.58, -10.3198]], [[34.5896, -10.4962], [34.57929594580266, -10.435877270653792], [34.5836, -10.5251], [34.5896, -10.4962]], [[30.383323690331025, -15.56071386248621], [30.3799, -15.5059], [30.3506, -15.3497], [30.383323690331025, -15.56071386248621]], [[31.956636552936207, -24.352645535442832], [31.9506, -24.3303], [31.908, -24.2362], [31.956636552936207, -24.352645535442832]], [[34.5576, -15.0159], [34.552189445447574, -14.972677634952108], [34.55417051888822, -15.0733438086223], [34.5576, -15.0159]], [[30.5113268169058, -1.0666063143325015], [30.4123, -1.0631], [30.509888540325573, -1.0672952084889191], [30.5113268169058, -1.0666063143325015]], [[30.515, -2.9176], [30.550799940808133, -2.924695844930616], [30.491018798708353, -2.9049179168629444], [30.515, -2.9176]], [[30.18687889453992, -1.2778729552824997], [30.135677896412236, -1.3324050334902766], [30.15, -1.3211], [30.18687889453992, -1.2778729552824997]], [[34.042285385320596, 8.519305123227086], [33.9533, 8.4435], [34.0197, 8.4921], [34.042285385320596, 8.519305123227086]], [[52.5551, 22.9328], [55.1043, 22.6215], [55.1194, 22.6239], [52.5551, 22.9328]]], [[[55.6619, -20.9062], [55.8391, -21.1386], [55.7974, -21.3394], [55.5576, -21.3583], [55.3627, -21.2736], [55.2328, -21.0584], [55.3113, -20.9041], [55.6619, -20.9062]]], [[[57.6565, -19.9899], [57.792, -20.2126], [57.7807, -20.327], [57.6513, -20.4849], [57.3833, -20.5037], [57.3177, -20.4276], [57.3857, -20.2286], [57.5758, -19.9972], [57.6565, -19.9899]]], [[[50.4827, -15.3856], [50.209, -15.9604], [50.0204, -15.8018], [49.8926, -15.4577], [49.7437, -15.4495], [49.6644, -15.5216], [49.7128, -16.0768], [49.8311, -16.2559], [49.8391, -16.4865], [49.734, -16.703], [49.7672, -16.8151], [49.5952, -16.9312], [49.4493, -17.2406], [49.4778, -17.8985], [49.3629, -18.3363], [48.9181, -19.5305], [48.3508, -21.349], [47.9084, -22.4658], [47.558, -23.8746], [47.1773, -24.7872], [47.035, -24.979], [46.7285, -25.1499], [46.1587, -25.2304], [45.508, -25.5632], [45.2058, -25.5705], [44.8129, -25.3342], [44.3459, -25.2261], [44.0354, -24.9957], [43.9096, -24.6406], [43.6875, -24.3579], [43.6461, -23.7419], [43.7223, -23.5297], [43.5695, -23.0805], [43.3575, -22.7908], [43.2571, -22.2764], [43.2905, -21.9325], [43.5019, -21.3564], [43.8002, -21.1792], [43.9111, -20.8658], [44.2396, -20.3797], [44.4047, -19.9221], [44.4488, -19.4287], [44.2388, -19.0752], [44.2331, -18.7406], [44.04, -18.2885], [43.9436, -17.5814], [43.9794, -17.3916], [44.4214, -16.7026], [44.4425, -16.2437], [44.9092, -16.1745], [45.2229, -15.9505], [45.3422, -16.0367], [45.5982, -15.9926], [45.7002, -15.8138], [46.1575, -15.7383], [46.3996, -15.9246], [46.4416, -15.8959], [46.3413, -15.8134], [46.3314, -15.7137], [46.4751, -15.5135], [46.9423, -15.219], [47.0274, -15.4522], [47.0992, -15.4342], [47.0926, -15.1501], [47.352, -14.7661], [47.4647, -14.7133], [47.4964, -14.8184], [47.4292, -14.9957], [47.4783, -15.0094], [47.774, -14.6367], [47.9642, -14.6726], [47.8115, -14.5448], [47.7733, -14.3699], [47.9955, -13.9604], [47.9014, -13.8582], [47.896, -13.7307], [48.0398, -13.5963], [48.2553, -13.7193], [48.4051, -13.538], [48.7965, -13.2675], [48.9194, -12.8391], [48.7863, -12.4709], [48.9317, -12.4391], [49.207, -12.0796], [49.3121, -12.1239], [49.4798, -12.3484], [49.9375, -13.0723], [50.1738, -14.0402], [50.2354, -14.732], [50.4413, -15.1493], [50.4827, -15.3856]]], [[[50.023, -16.6953], [49.824, -17.0865], [49.8557, -16.9332], [50.023, -16.6953]]], [[[48.1912, -13.26], [48.3089, -13.1982], [48.3436, -13.4004], [48.2119, -13.3853], [48.1912, -13.26]]], [[[45.2231, -12.7521], [45.1803, -12.9768], [45.0877, -12.9585], [45.0426, -12.7013], [45.0924, -12.653], [45.2231, -12.7521]]], [[[43.6313, -12.2471], [43.7043, -12.256], [43.859, -12.3683], [43.6637, -12.3429], [43.6313, -12.2471]]], [[[44.4764, -12.0815], [44.5268, -12.2195], [44.505, -12.3565], [44.2201, -12.1714], [44.3791, -12.1656], [44.4764, -12.0815]]], [[[43.4915, -11.8621], [43.4468, -11.9146], [43.2267, -11.7519], [43.299, -11.3745], [43.393, -11.4086], [43.3794, -11.6142], [43.4915, -11.8621]]], [[[39.7113, -7.9774], [39.6029, -7.9361], [39.9071, -7.6492], [39.8244, -7.9007], [39.7113, -7.9774]]], [[[72.4357, -7.2303], [72.4936, -7.2617], [72.492, -7.3774], [72.4291, -7.4354], [72.3497, -7.2634], [72.4274, -7.2998], [72.4473, -7.3957], [72.4357, -7.2303]]], [[[39.1823, -6.1726], [39.1924, -5.9311], [39.309, -5.722], [39.5632, -6.4272], [39.481, -6.4537], [39.4236, -6.3479], [39.2435, -6.275], [39.1823, -6.1726]]], [[[39.853, -5.2555], [39.7493, -5.4438], [39.6468, -5.3686], [39.6734, -4.9271], [39.865, -4.9062], [39.853, -5.2555]]], [[[55.543, -4.7855], [55.3834, -4.6093], [55.4558, -4.5588], [55.543, -4.7855]]], [[[41.086, -2.0365], [41.1368, -2.0851], [40.9573, -2.1673], [40.9765, -2.1098], [41.086, -2.0365]]], [[[73.3953, 3.2294], [73.4016, 3.2888], [73.4428, 3.2743], [73.3953, 3.2294]]], [[[73.0674, 8.2691], [73.0559, 8.2746], [73.0795, 8.3165], [73.0674, 8.2691]]], [[[72.7927, 11.2627], [72.7804, 11.2025], [72.773, 11.1961], [72.7725, 11.2143], [72.7927, 11.2627]]], [[[53.5983, 12.3423], [53.3158, 12.5332], [53.535, 12.7158], [53.8248, 12.6248], [54.1874, 12.664], [54.5111, 12.5528], [54.1295, 12.3606], [53.5983, 12.3423]]], [[[42.7941, 13.7661], [42.7559, 13.7043], [42.6897, 13.6736], [42.735, 13.753], [42.7941, 13.7661]]], [[[42.7621, 14.0675], [42.7742, 13.9502], [42.694, 14.0079], [42.7621, 14.0675]]], [[[42.5697, 15.4073], [42.6245, 15.368], [42.5587, 15.2812], [42.5697, 15.4073]]], [[[39.9475, 15.6961], [40.0705, 15.6766], [39.9399, 15.7445], [40.0005, 15.8283], [39.9567, 15.8894], [40.0426, 15.8755], [40.1825, 15.6429], [40.2501, 15.7035], [40.4082, 15.6292], [40.399, 15.5799], [39.9752, 15.6125], [39.9475, 15.6961]]], [[[39.9961, 16.0427], [40.0765, 16.0824], [40.1101, 15.9857], [39.9961, 16.0427]]], [[[41.7761, 16.8469], [41.8582, 16.8929], [41.8604, 17.0025], [41.9173, 16.9937], [41.9467, 16.7489], [42.065, 16.7101], [42.06, 16.8035], [42.1704, 16.7086], [42.1578, 16.5707], [42.0718, 16.6715], [41.8973, 16.6843], [41.7761, 16.8469]]], [[[58.6591, 20.2036], [58.6412, 20.3374], [58.8844, 20.6806], [58.9508, 20.5162], [58.6591, 20.2036]]], [[[53.9278, 24.1772], [53.6345, 24.1698], [53.8338, 24.2589], [53.9278, 24.1772]]], [[[52.6169, 24.2886], [52.5836, 24.3523], [52.6294, 24.3768], [52.6576, 24.3326], [52.6169, 24.2886]]], [[[53.1909, 24.2909], [53.4124, 24.411], [53.4453, 24.3712], [53.3322, 24.2586], [53.1909, 24.2909]]], [[[54.3983, 24.5063], [54.4654, 24.4428], [54.4566, 24.4233], [54.3348, 24.471], [54.3983, 24.5063]]], [[[36.9017, 25.3831], [36.5303, 25.6016], [36.5336, 25.6887], [36.9548, 25.4146], [36.9017, 25.3831]]], [[[36.5827, 25.8555], [36.5955, 25.7128], [36.5861, 25.6992], [36.5439, 25.7343], [36.5827, 25.8555]]], [[[50.5859, 26.2407], [50.5749, 25.8068], [50.4659, 25.9655], [50.4699, 26.229], [50.5859, 26.2407]]], [[[55.295, 26.6392], [55.7626, 26.812], [55.7576, 26.9477], [55.9071, 26.9098], [56.214, 27.0033], [56.2794, 26.9521], [55.9543, 26.7011], [55.8477, 26.7308], [55.4237, 26.5831], [55.295, 26.6392]]], [[[68.037, 23.8482], [67.951, 23.8286], [67.86, 23.9027], [67.819, 23.8281], [67.6685, 23.811], [67.6458, 23.9199], [67.5631, 23.8818], [67.5036, 23.94], [67.3094, 24.1748], [67.1715, 24.7561], [66.703, 24.8609], [66.6986, 25.2263], [66.5339, 25.4844], [66.3242, 25.6018], [66.219, 25.5899], [66.1312, 25.4933], [66.3564, 25.5074], [66.4677, 25.4453], [64.7767, 25.3073], [64.659, 25.1841], [64.0594, 25.4029], [63.9355, 25.3425], [63.5566, 25.3532], [63.4914, 25.2108], [62.6647, 25.2648], [62.3153, 25.1349], [62.1986, 25.2249], [61.9079, 25.1313], [61.5331, 25.1955], [61.4122, 25.1021], [60.6639, 25.2822], [60.5105, 25.4371], [60.4002, 25.3116], [59.616, 25.4033], [59.4561, 25.4815], [59.0461, 25.4173], [58.7979, 25.5546], [58.2029, 25.5916], [57.9366, 25.6917], [57.7961, 25.653], [57.7325, 25.7249], [57.3346, 25.7916], [57.1043, 26.3714], [57.036, 26.8007], [56.7281, 27.1277], [56.3562, 27.2002], [56.1181, 27.1431], [55.9411, 27.0376], [55.6503, 26.9775], [55.424, 26.7706], [55.2941, 26.7859], [54.7593, 26.5051], [54.2471, 26.6966], [53.7058, 26.7256], [53.455, 26.9433], [52.6916, 27.3234], [52.4759, 27.6165], [52.0308, 27.8244], [51.5186, 27.91], [51.2789, 28.1313], [51.0938, 28.5121], [51.062, 28.7261], [50.867, 28.8702], [50.8758, 29.0627], [50.6752, 29.1466], [50.6496, 29.4201], [50.14125037865128, 30.0], [121.65720258481421, 30.0], [122.0829, 29.8704], [121.5062, 29.4846], [121.888, 29.6278], [121.9684, 29.4906], [121.9178, 29.135], [121.7175, 29.2563], [121.5337, 29.2367], [121.4477, 29.1313], [121.6797, 28.9531], [121.54, 28.9319], [121.6625, 28.8514], [121.4752, 28.6414], [121.61, 28.2921], [121.51, 28.3243], [121.2723, 28.2221], [121.2168, 28.3462], [121.1457, 28.3267], [120.9586, 28.037], [120.7477, 28.01], [120.833, 27.8915], [120.5875, 27.5808], [120.6075, 27.4124], [120.2787, 27.0971], [120.1386, 26.8861], [120.0867, 26.6716], [119.9678, 26.5864], [119.8822, 26.6104], [119.8242, 26.8464], [119.7104, 26.7287], [119.5882, 26.785], [119.6382, 26.6212], [119.7848, 26.5466], [119.8811, 26.3342], [119.4631, 26.0547], [119.1395, 26.1218], [119.332, 25.9487], [119.6188, 26.0036], [119.6482, 25.9187], [119.5395, 25.5913], [119.6225, 25.3912], [119.4218, 25.4596], [119.1801, 25.4498], [119.1693, 25.3557], [119.2855, 25.2322], [118.9775, 25.2093], [118.9145, 25.1268], [118.9557, 25.0048], [118.9091, 24.9289], [118.6369, 24.8355], [118.7191, 24.7461], [118.657, 24.6214], [118.2953, 24.5728], [118.0871, 24.627], [118.006, 24.482], [117.8427, 24.4743], [117.879, 24.3959], [118.0242, 24.3796], [118.0561, 24.2461], [117.8395, 24.0123], [117.7417, 24.0148], [117.6282, 23.8367], [117.4664, 23.8406], [117.3677, 23.5886], [117.2908, 23.7144], [117.0825, 23.5788], [116.9106, 23.6467], [116.8609, 23.4531], [116.6294, 23.3539], [116.6988, 23.2778], [116.5383, 23.1797], [116.4707, 22.9459], [116.2519, 22.9813], [116.1574, 22.8875], [115.8521, 22.8016], [115.6404, 22.8534], [115.4983, 22.7188], [115.1958, 22.8173], [114.8538, 22.6168], [114.7504, 22.6263], [114.6517, 22.7553], [114.5444, 22.6206], [114.5542, 22.5289], [114.3406, 22.5932], [114.266, 22.541], [114.3353, 22.3962], [114.268, 22.2956], [113.9025, 22.3961], [114.0154, 22.5119], [113.8283, 22.6072], [113.6196, 22.8614], [113.6205, 23.1275], [113.5197, 23.1021], [113.4453, 23.0551], [113.4419, 22.9406], [113.3311, 22.912], [113.553, 22.594], [113.5481, 22.2226], [113.149, 22.075], [113.0888, 22.208], [112.9539, 21.9073], [112.8086, 21.9446], [112.5863, 21.7769], [112.3597, 21.978], [112.3897, 21.8012], [112.305, 21.7417], [111.9439, 21.8497], [111.8734, 21.7171], [111.776, 21.7192], [111.6027, 21.5591], [111.3191, 21.4861], [111.0169, 21.5117], [110.9968, 21.4303], [110.7711, 21.3865], [110.5672, 21.2141], [110.458, 21.2306], [110.4109, 21.3381], [110.3746, 21.1724], [110.154, 20.9446], [110.1804, 20.8586], [110.3654, 20.8376], [110.3131, 20.6717], [110.5115, 20.5183], [110.4495, 20.3554], [110.3447, 20.2948], [109.9385, 20.2951], [109.8858, 20.4131], [109.9839, 20.4033], [109.9684, 20.4481], [109.861, 20.5143], [109.6626, 20.9169], [109.6813, 21.1316], [109.7796, 21.3375], [109.9211, 21.3765], [109.9308, 21.4806], [109.7594, 21.5601], [109.6869, 21.5246], [109.5215, 21.6934], [109.544, 21.5379], [109.3467, 21.454], [109.0815, 21.4403], [109.1018, 21.5905], [108.7717, 21.6305], [108.6158, 21.7705], [108.5938, 21.901], [108.4799, 21.9046], [108.5021, 21.6334], [108.4443, 21.6073], [108.3248, 21.6935], [108.2463, 21.5584], [107.8091, 21.4971], [107.41, 21.2848], [107.3543, 21.0552], [107.1647, 20.9487], [107.0752, 20.9993], [106.8862, 20.95], [106.6834, 21.0003], [106.7534, 20.7351], [106.5508, 20.5266], [106.5729, 20.3922], [106.518, 20.2889], [106.1657, 19.992], [105.9841, 19.9391], [105.814, 19.5875], [105.7911, 19.2942], [105.6218, 18.9663], [105.8883, 18.5025], [106.499, 17.9464], [106.4789, 17.7196], [106.3705, 17.7469], [107.1199, 17.0555], [107.1804, 16.8979], [107.5493, 16.6426], [107.8338, 16.3225], [108.0294, 16.3311], [108.209, 16.0911], [108.2674, 16.0898], [108.5778, 15.5847], [108.8213, 15.3779], [109.0849, 14.7162], [109.3033, 13.8564], [109.2881, 13.765], [109.2471, 13.8547], [109.2719, 13.2793], [109.4239, 12.956], [109.4449, 12.5996], [109.3355, 12.7519], [109.2189, 12.6458], [109.3047, 12.3912], [109.2068, 12.4154], [109.2592, 11.9545], [109.2473, 11.9087], [109.1991, 11.999], [109.1575, 11.8371], [109.1986, 11.7249], [109.1325, 11.6011], [109.0396, 11.5927], [108.9867, 11.3364], [108.8208, 11.3154], [108.2717, 10.9343], [108.0949, 10.8973], [108.0014, 10.7204], [107.8451, 10.7001], [107.2615, 10.3984], [107.1941, 10.4716], [107.0878, 10.4983], [107.0066, 10.6605], [106.9475, 10.4003], [106.8127, 10.4333], [106.7273, 10.5356], [106.6059, 10.4649], [106.7412, 10.4444], [106.7574, 10.2958], [106.4641, 10.2983], [106.7853, 10.1165], [106.5956, 9.8599], [106.1364, 10.2217], [106.5074, 9.8212], [106.5725, 9.6411], [106.378, 9.5561], [105.831, 10.0007], [106.1586, 9.5941], [106.2062, 9.5023], [106.1684, 9.3967], [105.501, 9.0932], [105.3223, 8.8011], [105.1144, 8.6292], [104.7704, 8.5977], [104.8963, 8.7466], [104.8186, 8.8019], [104.8452, 9.6062], [104.9032, 9.8163], [105.0926, 9.901], [105.0278, 10.0674], [104.802, 10.2027], [104.6635, 10.1699], [104.2624, 10.5413], [103.9371, 10.5866], [103.8705, 10.6551], [103.8405, 10.5806], [103.6619, 10.5089], [103.5871, 10.5522], [103.5404, 10.6687], [103.6809, 10.7586], [103.7219, 10.8901], [103.6543, 11.0587], [103.5324, 11.1467], [103.3536, 10.9216], [103.1528, 10.9137], [103.0911, 11.2111], [103.1255, 11.4606], [103.0105, 11.5887], [103.0042, 11.7106], [102.9486, 11.7735], [102.9123, 11.7039], [102.763, 12.0125], [102.5941, 12.203], [102.5402, 12.1092], [102.2591, 12.3943], [102.2296, 12.3316], [102.0344, 12.5319], [101.7236, 12.6894], [101.4449, 12.6189], [100.8978, 12.6538], [100.9627, 13.432], [100.6029, 13.5682], [100.2356, 13.4845], [100.0175, 13.3532], [99.9905, 13.2435], [100.0899, 13.0457], [99.964, 12.69], [99.9891, 12.1708], [99.6273, 11.4629], [99.4869, 10.8896], [99.165, 10.3198], [99.1607, 9.734], [99.2883, 9.4146], [99.2539, 9.2652], [99.3938, 9.2137], [99.7238, 9.3142], [99.8355, 9.2884], [99.9896, 8.5892], [100.1293, 8.4281], [100.1635, 8.5084], [100.2794, 8.2685], [100.5452, 7.2269], [100.4394, 7.2808], [100.3804, 7.5415], [100.2838, 7.5515], [100.3174, 7.716], [100.2566, 7.7749], [100.1582, 7.7281], [100.1607, 7.5993], [100.4235, 7.1878], [100.5862, 7.176], [101.0179, 6.8609], [101.302, 6.9083], [101.4979, 6.8653], [101.7992, 6.4746], [102.1011, 6.2422], [102.3401, 6.172], [102.5344, 5.8625], [102.9824, 5.525], [103.197, 5.2622], [103.4539, 4.6695], [103.4688, 4.3933], [103.362, 3.7691], [103.4535, 3.5206], [103.4395, 2.9331], [103.5373, 2.7748], [103.8122, 2.5805], [103.9678, 2.2612], [104.2885, 1.4807], [104.1764, 1.3649], [103.9814, 1.6236], [103.9915, 1.4548], [103.6945, 1.4497], [103.4803, 1.3295], [103.3568, 1.5461], [102.7271, 1.8556], [102.5482, 2.0424], [102.1456, 2.2485], [101.7812, 2.5736], [101.5197, 2.6836], [101.2955, 2.8852], [101.3543, 3.0111], [101.2999, 3.2533], [100.7154, 3.9662], [100.7955, 4.0234], [100.6146, 4.3734], [100.6146, 4.6522], [100.3526, 5.5877], [100.3433, 5.9842], [100.1191, 6.442], [99.696, 6.8767], [99.7203, 7.1062], [99.553, 7.2188], [99.597, 7.3556], [99.3586, 7.3722], [99.2637, 7.619], [99.1834, 7.7181], [99.0776, 7.7181], [99.0511, 7.8878], [98.7887, 8.0598], [98.7035, 8.2567], [98.5792, 8.3443], [98.421, 8.1782], [98.3055, 8.2262], [98.2382, 8.4231], [98.2418, 8.7679], [98.7025, 10.1904], [98.5626, 10.035], [98.4969, 10.1825], [98.4649, 10.6758], [98.6756, 10.9869], [98.7447, 11.2404], [98.7414, 11.5917], [98.876, 11.7197], [98.8048, 11.7792], [98.6363, 11.7384], [98.6963, 12.2252], [98.6003, 12.2453], [98.6787, 12.3485], [98.6244, 12.4407], [98.6632, 12.6624], [98.576, 13.1619], [98.2454, 13.7335], [98.2004, 13.9802], [98.1495, 13.6476], [98.1106, 13.7129], [98.1002, 14.1615], [97.9098, 14.6527], [97.9293, 14.6956], [98.0187, 14.6526], [97.9365, 14.7639], [97.8691, 14.7387], [97.8123, 14.8589], [97.7104, 15.8755], [97.5843, 16.0196], [97.6337, 16.4577], [97.726, 16.5686], [97.3759, 16.5229], [97.2117, 16.8926], [97.2002, 17.0954], [96.8515, 17.401], [96.9098, 17.3048], [96.8509, 17.2029], [96.9086, 17.031], [96.7654, 16.7104], [96.6225, 16.5639], [96.4312, 16.5049], [96.2822, 16.596], [96.2489, 16.7653], [96.1891, 16.7683], [96.3243, 16.4444], [95.7633, 16.169], [95.6795, 15.9768], [95.3896, 15.7228], [95.3015, 15.7562], [95.3468, 16.0976], [95.177, 15.8257], [94.9426, 15.8183], [94.8932, 16.1828], [94.7981, 15.9711], [94.6615, 15.9044], [94.7033, 16.5119], [94.6652, 16.3361], [94.4416, 16.0944], [94.2238, 16.0165], [94.2713, 16.5173], [94.5645, 17.3085], [94.589, 17.5693], [94.4308, 18.2017], [94.1707, 18.7324], [94.2457, 18.7412], [94.07, 18.8934], [94.0449, 19.2874], [93.941, 19.1461], [93.9292, 18.8997], [93.7055, 19.0269], [93.4931, 19.3695], [93.5786, 19.4012], [93.8249, 19.2385], [93.962, 19.3293], [93.9981, 19.4409], [93.6117, 19.7761], [93.707, 19.9122], [93.5818, 19.9096], [93.4096, 20.0383], [93.25, 20.0701], [93.1566, 20.0408], [93.199, 19.8983], [93.1295, 19.858], [93.002, 20.0749], [93.0955, 20.1813], [93.0151, 20.1853], [93.0668, 20.3776], [93.0354, 20.4062], [92.8821, 20.1521], [92.8283, 20.1776], [92.7912, 20.2114], [92.8911, 20.3403], [92.7356, 20.5627], [92.7229, 20.2956], [92.3078, 20.7904], [92.0561, 21.1748], [92.008, 21.6848], [91.8248, 22.2287], [91.8634, 22.3505], [91.7971, 22.2975], [91.5297, 22.7077], [91.4801, 22.8848], [91.2162, 22.6422], [90.9456, 22.597], [90.6562, 23.0255], [90.604, 23.5914], [90.5557, 23.4215], [90.2691, 23.4559], [90.5909, 23.2664], [90.5951, 23.1339], [90.466, 23.0539], [90.5522, 22.9049], [90.4616, 22.8818], [90.4351, 22.7519], [90.6161, 22.3622], [90.2306, 21.8298], [90.0712, 21.8873], [90.0879, 22.0175], [90.2096, 22.1566], [89.9542, 22.0229], [89.9181, 22.1162], [89.8938, 22.3084], [89.9852, 22.4664], [89.8818, 22.3876], [89.8119, 21.9835], [89.5686, 21.7674], [89.4832, 22.2755], [89.5006, 21.9144], [89.3537, 21.7211], [89.2343, 21.7224], [89.0939, 21.8728], [89.0515, 22.0932], [89.0279, 21.9372], [88.9493, 21.9379], [89.0517, 21.6541], [88.9074, 21.6531], [88.8575, 21.7447], [88.745, 21.5844], [88.6912, 21.7335], [88.7402, 22.0054], [88.6416, 22.122], [88.5847, 21.6597], [88.446, 21.6143], [88.2875, 21.7582], [88.2537, 21.6223], [88.1221, 21.6358], [88.0568, 21.6941], [88.1963, 22.1396], [87.9944, 22.2657], [87.9414, 22.3743], [87.9616, 22.255], [88.1593, 22.1217], [87.9484, 21.8254], [87.6782, 21.6535], [87.1007, 21.5008], [86.8596, 21.2367], [86.8423, 21.1063], [86.9755, 20.7001], [86.7625, 20.4191], [86.7504, 20.3132], [86.4987, 20.1716], [86.3766, 20.0067], [86.2452, 20.053], [86.3119, 19.9878], [86.2162, 19.8958], [85.575, 19.6929], [85.4969, 19.6969], [85.5598, 19.7535], [85.5041, 19.8877], [85.2486, 19.7577], [85.1808, 19.5949], [85.3709, 19.6789], [85.4416, 19.6266], [84.771, 19.1254], [84.1041, 18.2927], [83.6543, 18.0699], [83.1983, 17.609], [82.3596, 17.0962], [82.2819, 16.9361], [82.3598, 16.7828], [82.2588, 16.5599], [81.7619, 16.3295], [81.2861, 16.3371], [81.1321, 15.9618], [80.9787, 15.7583], [80.826, 15.7659], [80.7818, 15.8673], [80.6466, 15.895], [80.2935, 15.7107], [80.1011, 15.3236], [80.0534, 15.074], [80.1787, 14.4783], [80.1117, 14.2122], [80.3065, 13.4851], [80.1563, 13.7138], [80.0621, 13.6062], [80.3424, 13.3613], [80.2291, 12.6903], [79.8585, 11.9888], [79.7541, 11.5753], [79.7934, 11.4467], [79.6932, 11.3125], [79.799, 11.3387], [79.8486, 11.1969], [79.8382, 10.3226], [79.5316, 10.3296], [79.3146, 10.2567], [79.2578, 10.0352], [78.9399, 9.5658], [78.9191, 9.4529], [79.0199, 9.3333], [79.2755, 9.2846], [79.4114, 9.1924], [78.9796, 9.2686], [78.4215, 9.105], [78.1925, 8.8909], [78.0602, 8.3846], [77.5176, 8.0783], [77.3015, 8.1453], [77.0659, 8.3159], [76.5534, 8.9028], [76.3246, 9.4521], [76.2424, 9.9271], [76.3431, 9.8273], [76.3756, 9.5399], [76.4588, 9.5362], [76.3465, 9.9221], [76.1956, 10.0861], [76.2015, 10.2006], [75.7238, 11.3618], [75.5245, 11.7031], [75.1967, 12.0575], [74.9455, 12.5646], [74.7705, 13.0773], [74.6709, 13.6676], [74.3822, 14.4947], [73.9492, 15.0748], [73.8008, 15.397], [73.9319, 15.397], [73.7718, 15.573], [73.8328, 15.6594], [73.6799, 15.7089], [73.4761, 16.0542], [73.3376, 16.4599], [73.1561, 17.6219], [72.8755, 18.6428], [73.0056, 19.0211], [72.9721, 19.1533], [72.8347, 18.9756], [72.803, 19.0793], [72.8116, 19.2989], [72.9872, 19.2774], [72.7879, 19.363], [72.7994, 19.5198], [72.7266, 19.5783], [72.6678, 19.831], [72.8937, 20.6728], [72.8139, 21.1172], [72.6924, 21.1776], [72.6238, 21.372], [72.7348, 21.4708], [72.6133, 21.4618], [73.1125, 21.7504], [72.5431, 21.6966], [72.5925, 21.8776], [72.7002, 21.9719], [72.5223, 21.9762], [72.553, 22.16], [72.8092, 22.2333], [72.1828, 22.2697], [72.3064, 22.1892], [72.2744, 22.0897], [72.0372, 21.823], [72.2104, 21.7282], [72.254, 21.531], [72.0152, 21.1557], [71.0246, 20.7389], [70.7193, 20.7404], [70.1273, 21.0947], [69.1917, 21.9915], [68.9699, 22.2903], [69.0517, 22.4373], [69.2766, 22.2855], [70.1772, 22.5728], [70.5135, 23.0025], [70.4893, 23.0895], [70.3395, 22.9397], [70.1183, 22.947], [69.6646, 22.7591], [69.2359, 22.8485], [68.6407, 23.1899], [68.4175, 23.5715], [68.7768, 23.8521], [68.235, 23.597], [68.165, 23.8573], [68.1155, 23.7534], [68.037, 23.8482]], [[98.7469, 10.3508], [98.7684, 10.4309], [98.7025, 10.1904], [98.7469, 10.3508]], [[101.5839, 21.2036], [101.60845734824282, 21.192733017940526], [101.5424, 21.2343], [101.5839, 21.2036]], [[100.1149, 20.2577], [100.1225614249795, 20.316972510821074], [100.1225, 20.3167], [100.1149, 20.2577]], [[103.8184, 14.3622], [103.9818, 14.3579], [103.7419, 14.3742], [103.8184, 14.3622]], [[70.74423417882055, 24.24554977805961], [70.6595, 24.2461], [70.7163, 24.238], [70.74423417882055, 24.24554977805961]], [[70.39046964355224, 24.38068850562762], [70.2891, 24.3563], [70.0982, 24.2875], [70.39046964355224, 24.38068850562762]], [[69.9338, 24.1714], [69.7162, 24.1726], [69.8052, 24.1652], [69.9338, 24.1714]], [[100.5639, 6.4675], [100.6295, 6.448], [100.3454, 6.5499], [100.5639, 6.4675]], [[92.5612, 22.048], [92.5744436200123, 21.981965839105307], [92.54922118715128, 22.19561645901683], [92.5612, 22.048]], [[88.1411, 27.9489], [88.109, 27.933], [88.22051155258552, 27.960684413843786], [88.1411, 27.9489]], [[92.6644, 27.9489], [92.52144570236916, 27.868745984453046], [92.5467, 27.8792], [92.6644, 27.9489]], [[95.3893, 29.0374], [95.2791, 29.0496], [95.3531, 29.0359], [95.3893, 29.0374]], [[95.4202, 29.0543], [95.44486949205968, 29.086920815946687], [95.3893, 29.0374], [95.4202, 29.0543]], [[99.1724, 22.1925], [99.2431, 22.3704], [99.2054, 22.2826], [99.1724, 22.1925]]], [[[48.2754, 29.6243], [48.1797, 29.6114], [48.0814, 29.7989], [48.1848, 29.9789], [48.3482, 29.7827], [48.2754, 29.6243]]], [[[48.4542, 29.9385], [48.245115795724466, 30.0], [48.630865853658534, 30.0], [48.4542, 29.9385]]], [[[96.9183, -12.1941], [96.893, -12.1872], [96.9205, -12.1615], [96.9183, -12.1941]]], [[[96.8259, -12.1262], [96.8495, -12.1974], [96.8349, -12.1797], [96.8259, -12.1262]]], [[[102.2859, -5.4835], [102.1107, -5.3226], [102.1984, -5.2889], [102.4055, -5.4048], [102.3672, -5.4787], [102.2859, -5.4835]]], [[[100.4688, -3.039], [100.4251, -3.1829], [100.4651, -3.3285], [100.2043, -2.9868], [100.1985, -2.7855], [100.4688, -3.039]]], [[[100.0149, -2.8197], [99.9682, -2.6098], [100.0119, -2.5103], [100.2041, -2.741], [100.1327, -2.8214], [100.0149, -2.8197]]], [[[99.6864, -2.0634], [99.8479, -2.3697], [99.607, -2.2575], [99.5374, -2.1615], [99.5722, -2.0258], [99.6864, -2.0634]]], [[[98.9326, -0.954], [99.2673, -1.6277], [99.2715, -1.7385], [99.1639, -1.7779], [99.0718, -1.7835], [98.8277, -1.61], [98.6018, -1.1979], [98.6761, -0.9705], [98.869, -0.9156], [98.9326, -0.954]]], [[[98.5441, -0.2576], [98.4593, -0.5305], [98.3997, -0.5769], [98.3097, -0.5318], [98.4271, -0.2265], [98.3229, -0.0008], [98.4154, -0.0175], [98.5441, -0.2576]]], [[[97.9998, 4.6623], [98.2484, 4.4146], [98.2412, 4.1945], [98.3073, 4.0929], [98.6587, 3.9281], [98.7779, 3.7594], [99.1512, 3.5812], [99.7323, 3.1831], [100.5238, 2.1892], [100.8879, 1.9482], [100.8282, 2.2426], [100.9359, 2.2947], [101.0462, 2.2575], [101.3008, 2.0118], [101.4767, 1.6931], [101.7848, 1.6214], [102.0199, 1.4421], [102.1572, 1.2589], [102.2391, 0.9903], [102.3899, 0.842], [102.5664, 0.7488], [102.8494, 0.7155], [103.0318, 0.5789], [103.0665, 0.492], [103.0075, 0.4153], [102.55, 0.2165], [102.8959, 0.2786], [103.339, 0.5137], [103.4789, 0.4802], [103.6727, 0.2889], [103.7867, 0.047], [103.4285, -0.1918], [103.4052, -0.3622], [103.5092, -0.4655], [103.4386, -0.5756], [103.5327, -0.7547], [103.7211, -0.8867], [104.1985, -1.0543], [104.3605, -1.0384], [104.5159, -1.8194], [104.5687, -1.9218], [104.8452, -2.093], [104.8261, -2.2342], [104.6473, -2.4299], [104.6508, -2.5952], [104.9708, -2.3709], [105.397, -2.3802], [105.582, -2.492], [106.0443, -3.1063], [106.0584, -3.2172], [105.9015, -3.4101], [105.8438, -3.6137], [105.9305, -3.833], [105.8314, -4.1629], [105.8872, -5.0096], [105.8161, -5.6766], [105.7483, -5.8183], [105.6186, -5.7996], [105.3494, -5.5495], [105.0813, -5.7455], [104.6396, -5.5204], [104.684, -5.8927], [104.6016, -5.9046], [103.8314, -5.0796], [102.5377, -4.1521], [102.1275, -3.5992], [101.649, -3.244], [100.8896, -2.2485], [100.8553, -1.9342], [100.4865, -1.2991], [100.3082, -0.8267], [99.8601, -0.3138], [99.6698, 0.0451], [99.1592, 0.3518], [98.7964, 1.4946], [98.5953, 1.8646], [98.0865, 2.1951], [97.7008, 2.3585], [97.5908, 2.8466], [97.3913, 2.9753], [96.9689, 3.5751], [96.801, 3.7085], [96.4447, 3.8163], [95.5786, 4.662], [95.2066, 5.284], [95.2278, 5.5648], [95.3961, 5.6288], [95.6289, 5.6091], [96.1333, 5.2943], [96.4926, 5.2293], [96.8427, 5.2745], [97.5472, 5.2059], [97.9084, 4.88], [97.9998, 4.6623]]], [[[97.6039, 0.8339], [97.4054, 0.947], [97.2969, 1.1874], [97.0792, 1.4255], [97.2442, 1.4236], [97.356, 1.5397], [97.7864, 1.1459], [97.9319, 0.9739], [97.8204, 0.5645], [97.684, 0.5961], [97.6039, 0.8339]]], [[[102.4429, 1.2342], [102.3809, 0.9598], [102.2796, 1.0757], [102.2563, 1.3971], [102.4429, 1.2342]]], [[[102.4695, 1.5101], [102.4994, 1.3309], [102.0787, 1.4986], [102.024, 1.608], [102.4695, 1.5101]]], [[[101.4503, 2.0678], [101.6407, 2.1267], [101.7735, 1.9435], [101.7194, 1.7892], [101.6027, 1.7157], [101.4678, 1.7594], [101.4034, 1.9013], [101.4503, 2.0678]]], [[[97.1083, 2.2169], [97.2914, 2.2008], [97.3283, 2.0533], [97.2251, 2.1585], [97.1083, 2.2169]]], [[[95.7172, 2.826], [95.8063, 2.916], [95.8958, 2.8891], [96.4173, 2.5152], [96.4637, 2.36], [95.8086, 2.6556], [95.7172, 2.826]]], [[[101.3112, 3.0674], [101.3186, 2.9885], [101.2681, 2.9704], [101.2742, 3.0328], [101.3112, 3.0674]]], [[[73.5122, 4.1646], [73.473, 4.1707], [73.5178, 4.2477], [73.5122, 4.1646]]], [[[100.2039, 5.4469], [100.3389, 5.4101], [100.2638, 5.267], [100.191, 5.2829], [100.2039, 5.4469]]], [[[95.242, 5.907], [95.3592, 5.8768], [95.3426, 5.7841], [95.2832, 5.7985], [95.242, 5.907]]], [[[99.6463, 6.4184], [99.848, 6.4657], [99.9187, 6.3586], [99.7438, 6.2633], [99.6463, 6.4184]]], [[[99.644, 6.5161], [99.6066, 6.5968], [99.654, 6.7141], [99.7014, 6.5706], [99.644, 6.5161]]], [[[93.8288, 6.7487], [93.658, 7.0161], [93.6563, 7.1362], [93.8225, 7.2366], [93.9296, 6.9735], [93.8288, 6.7487]]], [[[93.7336, 7.3565], [93.6385, 7.2619], [93.5973, 7.3187], [93.6925, 7.4106], [93.7336, 7.3565]]], [[[99.1044, 7.4713], [99.0377, 7.5485], [99.0451, 7.6365], [99.0784, 7.5918], [99.1044, 7.4713]]], [[[81.334, 8.4721], [81.4222, 8.1479], [81.6654, 7.7825], [81.8741, 7.2883], [81.8614, 6.9013], [81.7678, 6.6143], [81.6374, 6.4251], [81.3063, 6.2039], [80.7241, 5.9791], [80.4958, 5.9494], [80.2674, 6.0098], [80.0953, 6.1532], [79.8594, 6.8293], [79.713, 8.1823], [79.7498, 8.2942], [79.7835, 8.0185], [79.9418, 8.6915], [79.9289, 8.8992], [80.0996, 9.21], [80.0863, 9.5778], [80.318, 9.4654], [80.4283, 9.481], [80.2576, 9.6113], [80.0458, 9.6499], [79.954, 9.7423], [79.9823, 9.8127], [80.2528, 9.7963], [80.7111, 9.3664], [80.9354, 8.9715], [81.1982, 8.662], [81.227, 8.5055], [81.334, 8.4721]]], [[[93.3755, 8.0179], [93.4337, 7.9484], [93.4426, 7.8778], [93.365, 7.8766], [93.3094, 7.964], [93.3755, 8.0179]]], [[[98.435, 8.0856], [98.3984, 7.8284], [98.2963, 7.7761], [98.2623, 7.9261], [98.3221, 8.1663], [98.435, 8.0856]]], [[[98.6043, 8.0573], [98.592, 7.9339], [98.58, 7.917], [98.5294, 8.1085], [98.6043, 8.0573]]], [[[93.4564, 8.1719], [93.5316, 8.2138], [93.49, 8.0194], [93.4782, 8.0245], [93.4564, 8.1719]]], [[[93.0643, 8.275], [93.097, 8.3494], [93.1706, 8.2121], [93.0643, 8.275]]], [[[79.86, 9.0657], [79.9037, 8.975], [79.7477, 9.1046], [79.86, 9.0657]]], [[[98.2736, 9.1299], [98.3075, 9.0515], [98.2508, 9.0408], [98.2736, 9.1299]]], [[[92.7621, 9.2439], [92.8093, 9.1734], [92.7436, 9.131], [92.7133, 9.2049], [92.7621, 9.2439]]], [[[99.9624, 9.4216], [99.9396, 9.56], [100.0707, 9.586], [100.0537, 9.4614], [99.9624, 9.4216]]], [[[79.8457, 9.7146], [79.8885, 9.7412], [79.9695, 9.6307], [79.9068, 9.6198], [79.8457, 9.7146]]], [[[100.0645, 9.68], [99.9834, 9.7936], [100.0435, 9.7917], [100.0645, 9.68]]], [[[98.1344, 9.8754], [98.2207, 10.0452], [98.2917, 10.0513], [98.1344, 9.8754]]], [[[92.4727, 10.5208], [92.3695, 10.5474], [92.3528, 10.7511], [92.5104, 10.8975], [92.5743, 10.7042], [92.4727, 10.5208]]], [[[98.2715, 10.7399], [98.1554, 10.8979], [98.0805, 10.8866], [98.1673, 10.9803], [98.2715, 10.7399]]], [[[98.4774, 10.9797], [98.5266, 11.087], [98.5417, 10.9615], [98.4774, 10.9797]]], [[[92.6402, 11.5091], [92.6932, 11.3812], [92.6445, 11.3613], [92.5957, 11.3864], [92.6402, 11.5091]]], [[[98.1873, 11.4724], [98.2011, 11.5672], [98.2996, 11.783], [98.2633, 11.5236], [98.1873, 11.4724]]], [[[102.5899, 11.5722], [102.5328, 11.6149], [102.5689, 11.6917], [102.6064, 11.6765], [102.5899, 11.5722]]], [[[98.3765, 11.7915], [98.5235, 11.8049], [98.5284, 11.5387], [98.4348, 11.5671], [98.3765, 11.7915]]], [[[98.0836, 11.6368], [98.0211, 11.6959], [98.0104, 11.8603], [98.0808, 11.7332], [98.0836, 11.6368]]], [[[92.9554, 12.0024], [93.0174, 12.0368], [93.0621, 11.8994], [92.9817, 11.9595], [92.9554, 12.0024]]], [[[98.4662, 12.0843], [98.6096, 11.9566], [98.5765, 11.9251], [98.4743, 11.8994], [98.4662, 12.0843]]], [[[102.43, 11.9647], [102.302, 11.9808], [102.2774, 12.1519], [102.43, 11.9647]]], [[[98.0373, 12.2325], [98.1225, 12.2787], [98.1367, 12.1504], [98.0373, 12.2325]]], [[[98.0661, 12.3898], [98.0023, 12.279], [97.9387, 12.3461], [97.9902, 12.3938], [98.0661, 12.3898]]], [[[98.3121, 12.6782], [98.4683, 12.5713], [98.4595, 12.4737], [98.3139, 12.336], [98.3121, 12.6782]]], [[[92.6765, 12.1924], [92.7883, 12.2258], [92.7189, 12.3573], [92.7207, 12.5413], [92.8573, 13.3581], [92.9246, 13.4858], [93.0623, 13.5455], [93.0767, 13.4007], [93.016, 13.3362], [93.0661, 13.2216], [92.8862, 12.9423], [92.965, 12.8505], [92.9902, 12.5385], [92.8637, 12.436], [92.8795, 12.2279], [92.7477, 11.9928], [92.7976, 11.8747], [92.7008, 11.5125], [92.5339, 11.8734], [92.6765, 12.1924]]], [[[92.6857, 12.8], [92.6797, 12.9393], [92.7106, 12.9616], [92.7309, 12.9485], [92.6857, 12.8]]], [[[98.2546, 13.1886], [98.3154, 13.0991], [98.3092, 12.9347], [98.2593, 13.014], [98.2546, 13.1886]]], [[[94.8049, 15.8193], [94.7335, 15.823], [94.828, 15.933], [94.8382, 15.8921], [94.8049, 15.8193]]], [[[94.3879, 15.9941], [94.4938, 16.0753], [94.6013, 16.2055], [94.5661, 16.0193], [94.4119, 15.8484], [94.3879, 15.9941]]], [[[97.542, 16.5051], [97.5996, 16.4295], [97.5372, 16.2401], [97.4691, 16.461], [97.542, 16.5051]]], [[[93.4875, 18.8675], [93.7447, 18.8655], [93.7184, 18.7157], [93.674, 18.6757], [93.4875, 18.8675]]], [[[93.644, 19.4951], [93.7148, 19.5583], [93.9457, 19.4286], [93.934, 19.3654], [93.8152, 19.2987], [93.644, 19.4951]]], [[[93.5133, 19.7548], [93.4446, 19.8064], [93.4129, 19.9503], [93.4918, 19.8926], [93.5133, 19.7548]]], [[[92.9146, 20.0865], [93.0102, 19.9239], [93.0232, 19.8289], [92.9146, 20.0865]]], [[[91.8889, 21.5033], [91.857, 21.7088], [91.934, 21.7222], [91.9492, 21.5081], [91.8889, 21.5033]]], [[[91.8507, 21.9271], [91.8738, 21.8321], [91.8376, 21.7502], [91.8507, 21.9271]]], [[[91.0447, 22.1052], [91.0795, 22.5197], [91.1782, 22.283], [91.1508, 22.1752], [91.0447, 22.1052]]], [[[90.5965, 22.8635], [90.8682, 22.4849], [90.8299, 22.16], [90.7776, 22.0893], [90.6036, 22.0542], [90.515, 22.0651], [90.6805, 22.3275], [90.6749, 22.445], [90.5029, 22.8354], [90.5965, 22.8635]]], [[[91.4389, 22.5988], [91.5567, 22.3822], [91.5104, 22.3528], [91.4113, 22.4757], [91.4389, 22.5988]]], [[[90.5799, 23.0354], [90.6418, 22.963], [90.6596, 22.92], [90.5623, 22.9754], [90.5799, 23.0354]]], [[[112.9082, -25.5698], [112.9824, -25.5202], [113.1564, -26.0945], [112.9643, -25.7831], [112.9082, -25.5698]]], [[[115.3086, -20.8111], [115.3543, -20.7463], [115.4346, -20.668], [115.3881, -20.866], [115.3086, -20.8111]]], [[[105.5841, -10.5125], [105.5957, -10.4597], [105.7055, -10.4307], [105.6969, -10.5642], [105.5841, -10.5125]]], [[[115.5614, -8.6699], [115.5819, -8.8042], [115.4805, -8.7154], [115.5614, -8.6699]]], [[[118.9878, -8.3377], [119.1297, -8.6682], [119.0062, -8.7496], [118.9033, -8.7027], [118.7459, -8.7354], [118.8326, -8.8334], [118.427, -8.8555], [118.3789, -8.6746], [118.1899, -8.8405], [117.0613, -9.099], [116.768, -8.9555], [116.8351, -8.5324], [117.1648, -8.3672], [117.5671, -8.4264], [117.8061, -8.7111], [117.9695, -8.728], [118.206, -8.6521], [118.2349, -8.5919], [118.174, -8.5275], [117.9791, -8.4589], [117.7664, -8.279], [117.7553, -8.1495], [117.921, -8.0891], [118.1175, -8.1223], [118.2924, -8.3572], [118.4906, -8.2715], [118.6119, -8.2807], [118.7139, -8.4149], [118.8457, -8.2931], [118.9878, -8.3377]]], [[[115.8693, -8.7428], [116.0765, -8.7449], [116.0611, -8.4374], [116.3043, -8.238], [116.4016, -8.2042], [116.7189, -8.336], [116.5143, -8.821], [116.5865, -8.8861], [116.2394, -8.9121], [115.8573, -8.7879], [115.8693, -8.7428]]], [[[115.1397, -8.7689], [115.0551, -8.573], [114.8421, -8.4285], [114.5709, -8.3454], [114.4753, -8.1194], [114.9385, -8.1871], [115.191, -8.0675], [115.5494, -8.2083], [115.7043, -8.4071], [115.3338, -8.6157], [115.2202, -8.8195], [115.0915, -8.8294], [115.1397, -8.7689]]], [[[117.5563, -8.3673], [117.4905, -8.1834], [117.665, -8.1482], [117.5563, -8.3673]]], [[[108.5159, -6.4712], [108.6778, -6.7905], [109.2942, -6.867], [109.5006, -6.8102], [109.821, -6.9024], [110.4263, -6.9473], [110.5836, -6.8057], [110.7369, -6.4724], [110.9723, -6.4356], [111.1815, -6.6867], [111.5403, -6.6482], [112.0873, -6.8934], [112.5393, -6.9265], [112.6487, -7.2213], [112.7943, -7.3045], [112.7945, -7.5524], [113.0136, -7.6577], [113.4977, -7.7238], [114.0707, -7.633], [114.4093, -7.7925], [114.4433, -8.0046], [114.3869, -8.4052], [114.4817, -8.6038], [114.595, -8.6848], [114.5838, -8.7696], [114.277, -8.6146], [113.9403, -8.5684], [113.2533, -8.2867], [112.6788, -8.4092], [111.51, -8.3051], [110.6072, -8.1494], [110.0387, -7.8905], [109.2816, -7.7049], [108.7412, -7.6671], [108.4518, -7.797], [107.9175, -7.7241], [107.285, -7.4717], [106.4553, -7.3687], [106.4169, -7.2394], [106.5197, -7.0537], [106.1982, -6.9278], [105.9443, -6.859], [105.2555, -6.8353], [105.2432, -6.778], [105.3709, -6.6644], [105.387, -6.7508], [105.4837, -6.7815], [105.6551, -6.4695], [105.7869, -6.4569], [105.8683, -6.1164], [106.075, -5.9142], [106.8252, -6.0982], [107.0116, -6.0085], [107.0463, -5.9042], [107.3318, -5.9781], [107.6668, -6.2158], [108.1376, -6.2967], [108.295, -6.265], [108.5159, -6.4712]]], [[[114.3836, -7.0807], [114.4126, -7.1335], [114.3977, -7.1731], [114.2988, -7.0976], [114.3836, -7.0807]]], [[[112.8681, -6.8999], [113.9747, -6.873], [114.083, -6.9894], [113.4707, -7.2185], [113.127, -7.2241], [112.7638, -7.1396], [112.7259, -7.0728], [112.8681, -6.8999]]], [[[115.5461, -6.9387], [115.2203, -6.9525], [115.2405, -6.8612], [115.4145, -6.8397], [115.5461, -6.9387]]], [[[105.1923, -6.5456], [105.2774, -6.5614], [105.1904, -6.6625], [105.1214, -6.6149], [105.1923, -6.5456]]], [[[112.6485, -5.7309], [112.7273, -5.7527], [112.6979, -5.8465], [112.6021, -5.8437], [112.6485, -5.7309]]], [[[116.2697, -3.2511], [116.3033, -3.8682], [116.0934, -4.0541], [116.0225, -3.6124], [116.1174, -3.3396], [116.2697, -3.2511]]], [[[116.3878, -3.6367], [116.3266, -3.5391], [116.427, -3.3999], [116.4241, -3.4645], [116.3878, -3.6367]]], [[[106.7429, -2.9328], [106.7969, -2.8989], [106.9106, -2.934], [106.8697, -3.0253], [106.7429, -2.9328]]], [[[107.4328, -2.9253], [107.4193, -2.8381], [107.4997, -2.845], [107.4328, -2.9253]]], [[[107.8218, -3.1607], [107.6145, -3.2094], [107.5635, -2.9201], [107.6663, -2.5663], [107.8378, -2.5303], [108.0744, -2.597], [108.2906, -2.83], [108.1918, -3.103], [108.0553, -3.2269], [107.9771, -3.2218], [107.8582, -3.0863], [107.8218, -3.1607]]], [[[106.612, -2.8955], [106.6672, -3.0718], [106.5468, -3.0556], [105.9987, -2.8249], [105.908, -2.6433], [105.9391, -2.4935], [105.7858, -2.1813], [105.5527, -2.079], [105.3429, -2.1251], [105.1334, -2.0426], [105.191, -1.9169], [105.3748, -1.8132], [105.3731, -1.6573], [105.4596, -1.5747], [105.5854, -1.5268], [105.7009, -1.7311], [105.7545, -1.6587], [105.7204, -1.5339], [105.9101, -1.505], [106.0273, -1.5932], [106.1617, -1.867], [106.2088, -2.1887], [106.3659, -2.4648], [106.8185, -2.5733], [106.6788, -2.704], [106.612, -2.8955]]], [[[108.8379, -1.6616], [108.8037, -1.5678], [108.9568, -1.5641], [108.9531, -1.6196], [108.8379, -1.6616]]], [[[109.7103, -1.1807], [109.4637, -1.2775], [109.476, -0.9854], [109.7434, -1.0394], [109.7103, -1.1807]]], [[[104.2571, -0.4633], [104.4742, -0.3347], [104.5901, -0.4666], [104.5065, -0.5967], [104.4139, -0.5837], [104.3632, -0.6586], [104.2571, -0.4633]]], [[[103.4613, -0.3576], [103.5489, -0.2275], [103.7643, -0.3178], [103.6063, -0.3829], [103.4613, -0.3576]]], [[[104.4471, -0.1892], [104.5427, 0.0177], [105.0054, -0.2828], [104.9143, -0.3233], [104.7022, -0.2087], [104.5666, -0.2456], [104.4471, -0.1892]]], [[[117.4504, 3.6285], [117.056, 3.6227], [117.3463, 3.4266], [117.3524, 3.1938], [117.6106, 3.0644], [117.6379, 2.9508], [117.5691, 2.9293], [117.6977, 2.8873], [117.6389, 2.8253], [117.7859, 2.7468], [118.0666, 2.3178], [118.0416, 2.2154], [117.7893, 2.0269], [118.0804, 1.7019], [118.639, 1.319], [118.985, 0.9821], [118.8924, 0.8869], [118.5348, 0.8135], [118.1961, 0.8744], [117.9116, 1.0987], [117.9643, 0.8896], [117.7451, 0.7296], [117.5222, 0.2359], [117.4629, -0.3237], [117.5625, -0.7709], [117.2407, -0.9257], [116.914, -1.2236], [116.7971, -1.1838], [116.7398, -1.0442], [116.7534, -1.3273], [116.2755, -1.7849], [116.4243, -1.7849], [116.4235, -2.0525], [116.314, -2.1398], [116.5281, -2.2079], [116.5492, -2.4108], [116.5293, -2.5105], [116.3168, -2.5519], [116.3072, -2.6033], [116.3755, -2.578], [116.3307, -2.9021], [116.1541, -2.9838], [116.2572, -3.1264], [116.0575, -3.3482], [115.9562, -3.595], [114.6936, -4.1697], [114.6253, -4.1117], [114.5256, -3.3767], [114.446, -3.4818], [114.3443, -3.4444], [114.3017, -3.3647], [114.3443, -3.2352], [114.2363, -3.3611], [114.0822, -3.2789], [113.9588, -3.3943], [113.7051, -3.4553], [113.6336, -3.4199], [113.6101, -3.1957], [113.3432, -3.2465], [113.034, -2.9335], [112.9715, -3.1871], [112.758, -3.3222], [112.6003, -3.4005], [112.285, -3.321], [111.8581, -3.5519], [111.823, -3.0572], [111.6947, -2.8895], [111.6255, -2.9755], [111.3676, -2.9337], [110.9301, -3.0711], [110.8297, -2.9951], [110.8993, -2.9086], [110.7031, -3.0209], [110.574, -2.8914], [110.2561, -2.9661], [110.0966, -2.0014], [109.9599, -1.8628], [110.0361, -1.5257], [109.9833, -1.2748], [109.7874, -1.0113], [109.2588, -0.8074], [109.3728, -0.6382], [109.1605, -0.4949], [109.1211, -0.3909], [109.1946, -0.0094], [109.2575, 0.0312], [108.9445, 0.3557], [108.9059, 0.7939], [108.9586, 1.1346], [109.1315, 1.2539], [109.0103, 1.2396], [109.0759, 1.4959], [109.3785, 1.9227], [109.6289, 2.0275], [109.7196, 1.8578], [109.8648, 1.7645], [110.1141, 1.6986], [110.3492, 1.7197], [110.6752, 1.548], [110.8949, 1.5325], [111.0984, 1.4009], [111.2232, 1.3958], [111.0287, 1.5578], [111.1542, 1.7388], [111.2682, 2.1397], [111.2089, 2.1977], [111.2086, 2.3796], [111.2422, 2.4357], [111.3514, 2.3645], [111.4438, 2.3815], [111.4433, 2.6343], [111.5125, 2.743], [111.7277, 2.8538], [112.9879, 3.1619], [113.9239, 4.2432], [114.0125, 4.5752], [114.4244, 4.6604], [114.9954, 5.0224], [115.0477, 5.0164], [115.0268, 4.8997], [115.14, 4.8998], [115.3749, 4.9328], [115.5198, 5.0489], [115.582, 5.1941], [115.4669, 5.2541], [115.419, 5.4132], [115.6039, 5.6034], [115.7408, 5.533], [115.8771, 5.6135], [116.0598, 5.8824], [116.1384, 6.1295], [116.4947, 6.5217], [116.7762, 6.9902], [116.8498, 6.8267], [116.7881, 6.6061], [116.9133, 6.6597], [117.1285, 6.9689], [117.2524, 6.9192], [117.294, 6.6769], [117.6457, 6.4737], [117.6956, 6.2723], [117.6159, 6.1965], [117.6445, 6.0019], [117.5012, 5.8847], [117.8177, 5.9404], [118.0038, 6.0533], [118.1158, 5.8625], [117.9348, 5.7875], [117.9736, 5.7062], [118.2491, 5.8206], [118.3531, 5.8061], [118.5142, 5.7289], [118.5948, 5.5921], [119.2556, 5.3659], [119.2497, 5.1987], [119.1322, 5.1005], [118.6721, 4.9641], [118.2605, 4.9889], [118.1854, 4.8285], [118.5625, 4.5021], [118.5863, 4.4097], [118.0082, 4.2502], [117.6965, 4.3428], [117.4653, 4.0761], [117.7772, 3.6893], [117.6299, 3.6363], [117.5097, 3.7304], [117.4504, 3.6285]], [[114.64283010950396, 1.6518572174197272], [114.5459, 1.4671], [114.6322, 1.617], [114.64283010950396, 1.6518572174197272]], [[114.6861, 1.819], [114.67338772154912, 1.7520587559352472], [114.7035, 1.8508], [114.6861, 1.819]]], [[[104.6981, 0.0347], [104.6035, 0.0952], [104.4992, 0.2321], [104.5438, 0.2233], [104.6981, 0.0347]]], [[[103.1533, 0.6431], [103.2382, 0.6986], [103.2845, 0.5419], [103.1396, 0.5491], [103.1533, 0.6431]]], [[[103.3657, 0.8511], [103.4975, 0.7227], [103.4297, 0.6509], [103.3444, 0.7779], [103.3657, 0.8511]]], [[[103.752, 0.8914], [103.8066, 0.8463], [103.834, 0.7722], [103.7424, 0.83], [103.752, 0.8914]]], [[[104.1228, 0.944], [104.2271, 0.8799], [104.2394, 0.834], [104.1768, 0.8049], [104.0981, 0.8962], [104.1228, 0.944]]], [[[103.0024, 0.8593], [103.0088, 0.7081], [102.4539, 0.8895], [102.5492, 1.1302], [103.0024, 0.8593]]], [[[103.1372, 0.8417], [102.7019, 1.0537], [102.7256, 1.1588], [102.9994, 1.0678], [103.1372, 0.8417]]], [[[104.4286, 0.9565], [104.4393, 1.0504], [104.252, 1.0149], [104.2502, 1.1026], [104.5854, 1.2161], [104.6629, 1.0495], [104.5752, 0.8319], [104.4286, 0.9565]]], [[[103.38, 1.1336], [103.4297, 0.9934], [103.3154, 1.0713], [103.38, 1.1336]]], [[[104.0248, 1.1806], [104.1398, 1.1656], [104.0661, 0.9896], [103.9636, 1.0132], [103.9554, 1.1375], [104.0248, 1.1806]]], [[[103.818, 1.4471], [103.9964, 1.3652], [103.8199, 1.2654], [103.6502, 1.3255], [103.7053, 1.4234], [103.818, 1.4471]]], [[[111.3004, 2.7412], [111.3551, 2.7645], [111.3783, 2.7093], [111.3587, 2.4022], [111.3115, 2.4376], [111.3004, 2.7412]]], [[[104.1848, 2.8717], [104.2216, 2.7317], [104.1733, 2.7213], [104.1291, 2.7672], [104.1848, 2.8717]]], [[[108.8857, 2.999], [108.8389, 2.853], [108.7865, 2.8856], [108.8857, 2.999]]], [[[105.8367, 2.9765], [105.7186, 2.8592], [105.6922, 3.0625], [105.8367, 2.9765]]], [[[106.2712, 3.2163], [106.2853, 3.1571], [106.2837, 3.0882], [106.201, 3.2049], [106.2712, 3.2163]]], [[[117.6458, 3.2478], [117.5479, 3.432], [117.6809, 3.4075], [117.6458, 3.2478]]], [[[108.0035, 4.0426], [108.2483, 4.2171], [108.3929, 3.9862], [108.3936, 3.8362], [108.316, 3.6896], [108.1796, 3.6531], [108.1004, 3.7045], [108.2433, 3.8104], [108.0445, 3.889], [108.0035, 4.0426]]], [[[117.7368, 4.004], [117.6251, 4.1215], [117.708, 4.2624], [117.8848, 4.1861], [117.9229, 4.0543], [117.7368, 4.004]]], [[[117.0807, 7.1153], [117.0643, 7.2607], [117.2641, 7.3517], [117.2394, 7.1848], [117.0807, 7.1153]]], [[[117.0771, 8.0691], [117.0799, 7.8834], [117.0283, 7.8075], [116.9758, 8.0167], [117.0771, 8.0691]]], [[[117.3537, 8.2893], [117.3553, 8.2146], [117.287, 8.191], [117.2809, 8.315], [117.3537, 8.2893]]], [[[106.6525, 8.7011], [106.568, 8.7009], [106.6586, 8.7664], [106.6525, 8.7011]]], [[[104.064, 10.3908], [104.0758, 10.2249], [104.0185, 10.0292], [103.8495, 10.3711], [103.9858, 10.427], [104.064, 10.3908]]], [[[107.1949, 10.4457], [107.1677, 10.3972], [107.0838, 10.3366], [107.0779, 10.3875], [107.1949, 10.4457]]], [[[103.2812, 10.6797], [103.2234, 10.782], [103.3178, 10.7185], [103.2812, 10.6797]]], [[[103.0451, 11.2851], [103.0075, 11.3833], [103.0368, 11.3899], [103.0451, 11.2851]]], [[[110.4513, 18.7479], [110.0485, 18.5052], [110.0202, 18.4163], [109.8156, 18.3967], [109.7027, 18.2591], [109.5193, 18.2183], [108.7016, 18.5353], [108.65, 19.265], [109.2767, 19.7611], [109.1774, 19.7685], [109.2635, 19.8827], [109.5137, 19.9042], [109.6514, 19.9844], [110.083, 19.9929], [110.1716, 20.0537], [110.3439, 20.0388], [110.3923, 19.9756], [110.3936, 20.0592], [110.5882, 19.9764], [110.5983, 20.0976], [110.6785, 20.1371], [110.9383, 19.9476], [111.0137, 19.6555], [110.8223, 19.5579], [110.6409, 19.2912], [110.4513, 18.7479]]], [[[107.0438, 20.8368], [107.0313, 20.747], [106.9106, 20.8242], [106.9534, 20.867], [107.0438, 20.8368]]], [[[106.8541, 20.7964], [106.7694, 20.8642], [106.7953, 20.9279], [106.8551, 20.8583], [106.8541, 20.7964]]], [[[107.3992, 20.9035], [107.5189, 21.0128], [107.5513, 21.034], [107.5213, 20.9266], [107.3992, 20.9035]]], [[[110.3852, 21.0932], [110.5216, 21.0831], [110.5389, 21.0185], [110.5039, 20.9677], [110.2646, 21.0252], [110.3852, 21.0932]]], [[[107.4525, 21.2353], [107.6027, 21.2168], [107.4035, 21.0937], [107.4525, 21.2353]]], [[[112.6477, 21.7103], [112.6437, 21.6396], [112.525, 21.623], [112.559, 21.6748], [112.6477, 21.7103]]], [[[112.7902, 21.6019], [112.7127, 21.6979], [112.782, 21.7723], [112.8626, 21.7526], [112.7902, 21.6019]]], [[[114.1388, 22.2684], [114.2469, 22.2636], [114.2072, 22.1952], [114.1388, 22.2684]]], [[[113.8389, 22.2417], [113.8815, 22.2803], [114.0439, 22.3334], [113.9978, 22.2105], [113.8389, 22.2417]]], [[[113.4044, 22.9028], [113.5553, 22.8042], [113.5637, 22.7579], [113.4044, 22.9028]]], [[[118.2873, 24.4766], [118.4074, 24.5221], [118.4512, 24.4556], [118.4327, 24.4144], [118.2873, 24.4766]]], [[[118.0768, 24.5014], [118.1038, 24.5523], [118.183, 24.4963], [118.1495, 24.4361], [118.0768, 24.5014]]], [[[124.5242, -15.4215], [124.4828, -15.3403], [124.5193, -15.2675], [124.6051, -15.3565], [124.5242, -15.4215]]], [[[123.5952, -12.4359], [123.5725, -12.4239], [123.5945, -12.4257], [123.5952, -12.4359]]], [[[123.4182, -10.6513], [123.2148, -10.8062], [122.8262, -10.8991], [122.8457, -10.7618], [123.0614, -10.6984], [123.3711, -10.4749], [123.4182, -10.6513]]], [[[121.7262, -10.5731], [121.867, -10.4389], [121.9983, -10.447], [121.883, -10.5903], [121.7262, -10.5731]]], [[[123.326, -10.3375], [123.4588, -10.1399], [123.4968, -10.1939], [123.326, -10.3375]]], [[[120.7845, -9.957], [120.8042, -10.1085], [120.4392, -10.294], [120.1448, -10.2001], [119.9307, -9.9665], [119.6011, -9.7735], [119.0854, -9.7069], [118.9588, -9.5193], [119.1856, -9.3845], [119.7951, -9.3805], [119.9421, -9.3015], [120.2211, -9.5063], [120.2911, -9.6479], [120.5037, -9.674], [120.7845, -9.957]]], [[[123.6048, -10.2701], [123.7164, -10.0786], [123.5893, -9.9668], [123.7094, -9.6148], [123.9771, -9.3729], [124.5755, -9.1554], [124.9223, -8.9425], [125.178, -8.6479], [125.8043, -8.4922], [126.6197, -8.4595], [126.9664, -8.3157], [127.2961, -8.4245], [126.9152, -8.7152], [126.6654, -8.782], [126.4869, -8.9127], [125.408, -9.2758], [124.9979, -9.5653], [124.9631, -9.6656], [124.4275, -10.1486], [124.176, -10.1833], [123.8576, -10.3436], [123.6048, -10.2701]], [[124.0901, -9.4164], [124.1155, -9.4231], [124.1250662858609, -9.41849215550156], [124.0901, -9.4164]]], [[[119.5555, -8.5534], [119.444, -8.6718], [119.4641, -8.741], [119.3855, -8.736], [119.4465, -8.4292], [119.547, -8.4826], [119.5555, -8.5534]]], [[[123.1531, -8.4758], [122.8878, -8.5873], [123.0105, -8.4483], [123.1531, -8.4758]]], [[[121.4146, -8.8148], [121.3283, -8.9169], [121.0353, -8.9354], [120.5505, -8.8019], [120.1209, -8.777], [119.9094, -8.8576], [119.8079, -8.6977], [119.8182, -8.5705], [119.8748, -8.4198], [119.9638, -8.4355], [120.3541, -8.2578], [120.6103, -8.2404], [121.4445, -8.5778], [121.9665, -8.4552], [122.3232, -8.6283], [122.4335, -8.6008], [122.5559, -8.4315], [122.8505, -8.3044], [122.9191, -8.2219], [122.7586, -8.1859], [122.7924, -8.1266], [122.8457, -8.0933], [122.9783, -8.152], [123.006, -8.3291], [122.8111, -8.4812], [122.8468, -8.5622], [122.7829, -8.6117], [122.4702, -8.7255], [122.0941, -8.7447], [121.6514, -8.8987], [121.5846, -8.8206], [121.4146, -8.8148]]], [[[123.2301, -8.5307], [123.4759, -8.3223], [123.3912, -8.2805], [123.6006, -8.2913], [123.776, -8.1904], [123.9248, -8.2725], [123.7839, -8.2996], [123.553, -8.5668], [123.2301, -8.5307]]], [[[124.2396, -8.2034], [124.3045, -8.2288], [124.2866, -8.3295], [124.1467, -8.5314], [124.0657, -8.5517], [124.0173, -8.4438], [123.9277, -8.4489], [124.0138, -8.3187], [124.1105, -8.3643], [124.2396, -8.2034]]], [[[123.1335, -8.2538], [123.336, -8.269], [123.2973, -8.3986], [123.025, -8.3955], [123.1335, -8.2538]]], [[[119.0366, -8.1578], [119.1349, -8.1971], [119.03, -8.24], [119.0366, -8.1578]]], [[[120.7744, -7.1189], [120.6408, -7.1158], [120.6334, -7.0183], [120.7817, -7.0631], [120.7744, -7.1189]]], [[[120.5492, -5.9692], [120.4873, -6.4648], [120.4355, -6.1802], [120.4773, -5.7753], [120.5492, -5.9692]]], [[[124.0421, -6.0216], [123.9723, -5.9394], [123.9758, -5.8802], [124.0229, -5.9021], [124.0421, -6.0216]]], [[[123.5606, -5.2498], [123.6268, -5.2716], [123.6228, -5.373], [123.5501, -5.3318], [123.5606, -5.2498]]], [[[122.041, -5.1588], [122.043, -5.438], [121.9796, -5.4647], [121.8085, -5.2562], [121.9137, -5.0723], [122.041, -5.1588]]], [[[123.0515, -5.1564], [123.202, -5.2733], [123.1873, -5.333], [122.9688, -5.4058], [122.8121, -5.6713], [122.645, -5.6634], [122.5864, -5.4889], [122.7665, -5.2102], [122.8533, -4.6184], [122.9469, -4.4427], [123.0746, -4.3869], [123.1798, -4.5512], [123.203, -4.7662], [123.1957, -4.8227], [123.1192, -4.7234], [123.018, -4.8317], [122.9717, -5.1385], [122.9811, -5.1857], [123.0515, -5.1564]]], [[[122.3345, -4.8466], [122.3689, -4.7672], [122.702, -4.6187], [122.7397, -4.675], [122.7599, -4.9339], [122.6141, -5.1387], [122.6451, -5.2694], [122.5639, -5.3875], [122.392, -5.3354], [122.307, -5.381], [122.329, -5.1377], [122.3963, -5.0698], [122.3345, -4.8466]]], [[[123.0762, -4.2271], [122.969, -4.03], [123.0249, -3.981], [123.2119, -3.9976], [123.2424, -4.113], [123.1445, -4.2333], [123.0762, -4.2271]]], [[[123.0825, 0.4858], [121.842, 0.4366], [121.5157, 0.4984], [121.013, 0.4417], [120.579, 0.5283], [120.349, 0.4492], [120.1273, 0.1666], [120.0133, -0.1962], [120.0629, -0.5556], [120.2406, -0.8683], [120.5176, -1.0395], [120.6674, -1.3701], [121.0337, -1.4065], [121.1485, -1.3395], [121.2769, -1.1182], [121.5756, -0.8285], [121.7377, -0.9257], [121.9696, -0.9333], [122.28, -0.757], [122.8888, -0.7552], [122.8295, -0.6589], [123.1715, -0.5707], [123.3797, -0.6485], [123.4342, -0.7782], [123.3779, -1.0041], [123.2258, -1.0018], [123.0494, -0.8724], [122.9028, -0.901], [122.2507, -1.5553], [121.8586, -1.6933], [121.651, -1.8954], [121.3947, -1.8338], [121.3555, -1.8782], [121.3488, -1.946], [121.575, -2.1509], [121.7697, -2.2409], [122.0826, -2.7495], [122.2917, -2.9076], [122.399, -3.2009], [122.3173, -3.2751], [122.2529, -3.6204], [122.5786, -3.8823], [122.6896, -4.0845], [122.8479, -4.0646], [122.8723, -4.392], [122.7197, -4.3407], [122.7217, -4.4107], [122.4714, -4.4221], [122.1143, -4.5402], [122.0381, -4.8324], [121.5887, -4.7596], [121.4865, -4.5811], [121.6181, -4.0927], [121.3127, -3.9194], [120.8918, -3.5206], [121.0543, -3.1671], [121.0521, -2.7517], [120.8794, -2.6456], [120.6536, -2.6676], [120.261, -2.9493], [120.4366, -3.7073], [120.3625, -4.0857], [120.4201, -4.6174], [120.2793, -5.1461], [120.4304, -5.591], [120.3116, -5.5416], [119.9516, -5.5776], [119.7173, -5.6934], [119.5574, -5.611], [119.3762, -5.4248], [119.3604, -5.3142], [119.594, -4.5231], [119.6236, -4.0344], [119.4801, -3.7298], [119.4675, -3.513], [119.3621, -3.459], [118.9946, -3.5376], [118.8677, -3.398], [118.8125, -3.1566], [118.8581, -2.9285], [118.7833, -2.7208], [119.0922, -2.4829], [119.1723, -2.14], [119.3219, -1.9297], [119.309, -1.4082], [119.5082, -0.9067], [119.7113, -0.6808], [119.8443, -0.8619], [119.7219, -0.0885], [119.8656, 0.0401], [119.8093, 0.2387], [119.9133, 0.4451], [120.2695, 0.9708], [120.3225, 0.9832], [120.416, 0.8487], [120.6025, 0.8544], [120.9654, 1.3118], [121.4041, 1.2436], [121.5918, 1.068], [122.4366, 1.0181], [122.8383, 0.8457], [123.0665, 0.9418], [123.8467, 0.8382], [124.2736, 1.0223], [124.4108, 1.1851], [124.5337, 1.2305], [124.6002, 1.3924], [124.7877, 1.4676], [124.9893, 1.701], [125.1648, 1.6437], [125.2338, 1.5023], [124.9668, 1.0826], [124.4275, 0.4706], [124.2168, 0.3804], [123.526, 0.3003], [123.2654, 0.3266], [123.0825, 0.4858]]], [[[123.866, -1.9957], [123.8035, -1.9943], [123.7835, -1.8783], [123.8482, -1.9555], [123.866, -1.9957]]], [[[123.1525, -1.8165], [123.0788, -1.8989], [123.1064, -1.7867], [123.1525, -1.8165]]], [[[123.4825, -1.6814], [123.4866, -1.5349], [123.5485, -1.5082], [123.5976, -1.7043], [123.4825, -1.6814]]], [[[123.367, -1.5071], [123.2749, -1.4372], [123.1729, -1.616], [123.1229, -1.5561], [123.1829, -1.4928], [123.1504, -1.3045], [122.8904, -1.5872], [122.8108, -1.4321], [122.8322, -1.283], [122.908, -1.1822], [123.2123, -1.1713], [123.2378, -1.3894], [123.3386, -1.254], [123.4348, -1.2368], [123.5473, -1.3374], [123.5119, -1.4474], [123.367, -1.5071]]], [[[121.8812, -0.5026], [121.7561, -0.4908], [121.6553, -0.5262], [121.7493, -0.407], [121.8644, -0.4068], [121.8812, -0.5026]]], [[[119.8273, 5.1332], [120.208, 5.3401], [120.2504, 5.2566], [120.1916, 5.1683], [120.1184, 5.2154], [119.9581, 5.0795], [119.8215, 5.0695], [119.8273, 5.1332]]], [[[120.9307, 5.8962], [120.8982, 6.0069], [121.0377, 6.096], [121.4146, 5.9645], [121.2944, 5.87], [121.2182, 5.9427], [120.9307, 5.8962]]], [[[122.3235, 6.6022], [122.201, 6.4829], [121.9592, 6.4158], [121.8087, 6.6137], [122.0583, 6.7407], [122.3235, 6.6022]]], [[[122.8396, 7.3146], [122.7966, 7.3934], [122.9148, 7.4334], [122.9437, 7.361], [122.8396, 7.3146]]], [[[126.1396, 8.5957], [126.3653, 8.4839], [126.4587, 8.2028], [126.4354, 7.8328], [126.5701, 7.6772], [126.5815, 7.2478], [126.4391, 7.0124], [126.1921, 6.8525], [126.2402, 6.7339], [126.1894, 6.3097], [126.0431, 6.8432], [125.8244, 7.3333], [125.6893, 7.263], [125.3807, 6.6899], [125.5885, 6.4658], [125.6707, 6.225], [125.668, 5.9787], [125.4559, 5.6643], [125.3465, 5.599], [125.241, 5.7569], [125.2315, 6.0695], [125.0354, 5.8707], [124.9273, 5.8753], [124.2128, 6.2333], [124.0781, 6.4044], [123.9853, 6.9937], [124.1907, 7.2673], [124.2066, 7.3964], [123.9685, 7.6646], [123.6658, 7.8178], [123.4931, 7.8079], [123.3909, 7.4075], [123.1782, 7.5294], [123.0967, 7.7004], [122.9896, 7.5463], [122.843, 7.5293], [122.7918, 7.7225], [122.6162, 7.7631], [122.4744, 7.639], [122.1425, 6.9497], [122.0276, 6.9286], [121.9042, 7.0752], [122.0472, 7.3636], [122.1318, 7.8105], [122.2434, 7.9451], [122.3867, 8.0459], [122.9111, 8.1564], [122.9963, 8.2205], [123.0506, 8.4339], [123.3412, 8.5704], [123.4346, 8.7033], [123.6801, 8.6206], [123.8492, 8.4327], [123.8774, 8.1888], [123.7531, 8.0583], [123.7994, 8.0491], [124.1977, 8.2295], [124.4049, 8.5999], [124.6218, 8.5227], [124.7312, 8.563], [124.7868, 8.8741], [124.8689, 8.9723], [125.141, 8.8688], [125.2097, 9.0271], [125.4987, 9.0147], [125.5334, 9.1409], [125.414, 9.6692], [125.4713, 9.7568], [125.8767, 9.5131], [126.0876, 9.2607], [126.1934, 9.2767], [126.192, 9.1249], [126.3195, 8.8447], [126.1396, 8.5957]]], [[[124.6533, 9.2258], [124.7902, 9.1901], [124.7779, 9.0831], [124.6658, 9.1323], [124.6533, 9.2258]]], [[[123.6145, 9.1033], [123.4936, 9.2155], [123.6549, 9.2788], [123.7062, 9.1335], [123.6145, 9.1033]]], [[[118.1148, 9.3467], [119.0238, 10.3536], [119.2238, 10.4773], [119.3127, 10.6871], [119.2611, 10.8452], [119.3057, 10.9736], [119.5013, 11.3464], [119.5533, 11.3135], [119.5267, 10.9532], [119.6869, 10.5003], [119.3693, 10.3273], [119.1915, 10.0611], [118.7821, 9.9161], [118.7738, 9.7668], [118.435, 9.256], [118.1341, 9.1014], [117.9896, 8.8771], [117.2186, 8.3673], [117.3499, 8.7136], [117.8848, 9.2407], [118.1148, 9.3467]]], [[[123.8172, 9.8174], [124.1729, 10.1352], [124.3357, 10.1599], [124.5771, 10.0267], [124.5938, 9.7872], [124.3599, 9.6302], [123.9356, 9.624], [123.8172, 9.8174]]], [[[122.4715, 9.9615], [122.713, 9.9901], [122.8556, 10.0869], [122.817, 10.5038], [122.9584, 10.6983], [122.9833, 10.8866], [123.2566, 10.9939], [123.5106, 10.923], [123.5676, 10.7808], [123.162, 9.8643], [123.1498, 9.6062], [123.3205, 9.2729], [123.1925, 9.0879], [122.9947, 9.0588], [122.8666, 9.3198], [122.5625, 9.4828], [122.4109, 9.6939], [122.4715, 9.9615]]], [[[123.7114, 10.4737], [124.0389, 11.2735], [124.005, 10.4001], [123.7005, 10.1283], [123.4936, 9.5893], [123.3317, 9.4229], [123.3862, 9.9671], [123.7114, 10.4737]]], [[[120.0084, 10.5701], [119.7932, 10.4553], [119.7645, 10.5516], [119.8521, 10.6401], [120.0084, 10.5701]]], [[[122.6813, 10.4982], [122.5384, 10.425], [122.5375, 10.6076], [122.7013, 10.7406], [122.7372, 10.6546], [122.6813, 10.4982]]], [[[124.2885, 10.6015], [124.3347, 10.7067], [124.3823, 10.6798], [124.3813, 10.6326], [124.2885, 10.6015]]], [[[123.1195, 11.2868], [123.0165, 11.1165], [122.8029, 10.99], [122.7699, 10.8238], [122.5221, 10.6919], [122.1977, 10.6229], [121.954, 10.4444], [121.9644, 10.8717], [122.0509, 11.0974], [122.1035, 11.6429], [122.067, 11.7237], [121.8912, 11.7909], [121.9637, 11.8974], [122.6127, 11.5642], [122.8381, 11.5957], [122.9313, 11.5293], [122.8945, 11.4413], [123.1583, 11.5355], [123.1195, 11.2868]]], [[[123.7076, 11.248], [123.757, 11.2833], [123.8156, 11.1507], [123.7367, 11.1515], [123.7076, 11.248]]], [[[119.8307, 11.3757], [119.7256, 11.4747], [119.8614, 11.5253], [119.8829, 11.4724], [119.8307, 11.3757]]], [[[124.4288, 11.5317], [124.3604, 11.6659], [124.4374, 11.695], [124.6223, 11.5496], [124.6084, 11.4922], [124.4288, 11.5317]]], [[[120.0388, 11.7033], [119.9449, 11.6907], [119.8609, 11.954], [120.0359, 11.9172], [120.0388, 11.7033]]], [[[120.0105, 12.0083], [119.8659, 12.199], [119.9164, 12.3191], [120.1, 12.1677], [120.2282, 12.2198], [120.3414, 12.0774], [120.3146, 12.0124], [120.0105, 12.0083]]], [[[124.0455, 11.7524], [123.4737, 12.2167], [123.1578, 11.9256], [123.2672, 12.3955], [123.2364, 12.5835], [123.559, 12.4448], [123.9083, 12.1691], [124.0403, 11.9668], [124.0455, 11.7524]]], [[[122.145, 12.6526], [122.014, 12.1056], [121.9232, 12.3313], [122.0016, 12.5985], [122.145, 12.6526]]], [[[122.4229, 12.4551], [122.6036, 12.4916], [122.6736, 12.4243], [122.6545, 12.309], [122.6033, 12.2856], [122.4229, 12.4551]]], [[[123.6206, 12.5705], [123.6215, 12.6749], [123.7087, 12.6108], [123.7791, 12.3663], [123.6206, 12.5705]]], [[[122.3108, 12.5288], [122.2609, 12.5031], [122.278, 12.5929], [122.3108, 12.5288]]], [[[121.5228, 13.1312], [121.5406, 12.6382], [121.3943, 12.3006], [121.2367, 12.2188], [121.117, 12.2534], [120.796, 12.748], [120.7637, 12.9698], [120.6514, 13.1691], [120.5083, 13.2601], [120.4555, 13.3935], [120.3385, 13.4124], [120.3527, 13.4729], [120.4684, 13.5224], [120.9153, 13.5011], [121.1225, 13.3812], [121.2027, 13.4323], [121.5228, 13.1312]]], [[[123.3672, 12.7008], [122.949, 13.0587], [122.9575, 13.1072], [123.0436, 13.1134], [123.3672, 12.7008]]], [[[121.8662, 13.5662], [122.1146, 13.4632], [122.1224, 13.3651], [122.0049, 13.205], [121.8292, 13.3286], [121.8662, 13.5662]]], [[[120.1207, 13.8581], [120.2114, 13.8207], [120.2729, 13.683], [120.1042, 13.7824], [120.1207, 13.8581]]], [[[124.2249, 14.0776], [124.4172, 13.871], [124.404, 13.6794], [124.3271, 13.5674], [124.1754, 13.5315], [124.0389, 13.6631], [124.1237, 13.7905], [124.1229, 13.9797], [124.2249, 14.0776]]], [[[122.1723, 14.008], [121.9562, 14.1561], [121.9592, 14.2288], [122.1754, 14.0488], [122.1723, 14.008]]], [[[121.9106, 14.6665], [121.8398, 15.0381], [121.9717, 15.0464], [122.0516, 14.9699], [121.9703, 14.893], [122.0217, 14.7594], [121.9896, 14.6622], [121.9106, 14.6665]]], [[[122.315, 18.3203], [122.1795, 18.0643], [122.1523, 17.6644], [122.2368, 17.4349], [122.3875, 17.3068], [122.4075, 17.1781], [122.5191, 17.1249], [122.1352, 16.1848], [121.7887, 16.0774], [121.5953, 15.9333], [121.607, 15.6698], [121.3989, 15.2666], [121.6954, 14.7373], [121.6266, 14.6817], [121.6279, 14.5812], [121.7666, 14.1681], [121.9117, 14.0204], [122.2117, 13.9302], [122.2875, 13.9962], [122.1997, 14.148], [122.4908, 14.3224], [122.6271, 14.3175], [122.9342, 14.1881], [123.071, 13.96], [123.102, 13.7502], [123.2314, 13.7474], [123.297, 13.8364], [123.2593, 13.9754], [123.3203, 14.0617], [123.8576, 13.7996], [123.8063, 13.7217], [123.5496, 13.6458], [123.8192, 13.2695], [123.7852, 13.1105], [124.1428, 13.0358], [124.0598, 12.5671], [123.8778, 12.6897], [123.9485, 12.9164], [123.6268, 12.9118], [123.3109, 13.0441], [123.2955, 13.2156], [123.1633, 13.4417], [122.8635, 13.6172], [122.5952, 13.9076], [122.468, 13.8867], [122.508, 13.6568], [122.6679, 13.3954], [122.6751, 13.2532], [122.5999, 13.1941], [122.3766, 13.5206], [122.0728, 13.7884], [121.7779, 13.9376], [121.5011, 13.8422], [121.3441, 13.6491], [121.0955, 13.6795], [120.8407, 13.8847], [120.7291, 13.9005], [120.6371, 13.8045], [120.6168, 14.188], [120.9221, 14.4931], [120.9413, 14.6451], [120.5837, 14.8812], [120.5887, 14.4831], [120.4388, 14.4534], [120.2508, 14.7933], [120.0821, 14.8511], [119.8916, 15.8377], [119.7689, 16.0084], [119.7726, 16.2551], [119.8308, 16.3266], [120.1598, 16.0477], [120.337, 16.0665], [120.3888, 16.1609], [120.3053, 16.5292], [120.4201, 17.0901], [120.4245, 17.4383], [120.3584, 17.6382], [120.5997, 18.5079], [120.8138, 18.6034], [121.1016, 18.6153], [121.593, 18.3765], [121.9476, 18.2852], [122.2212, 18.5006], [122.315, 18.3203]]], [[[121.9879, 18.9566], [121.8582, 18.8229], [121.8252, 18.8427], [121.8889, 18.9916], [121.9879, 18.9566]]], [[[121.2132, 19.1836], [121.2522, 19.0824], [121.2467, 19.0152], [121.1849, 19.1014], [121.2132, 19.1836]]], [[[121.3746, 19.3563], [121.3916, 19.3994], [121.5209, 19.362], [121.5312, 19.2713], [121.3746, 19.3563]]], [[[122.0312, 20.4694], [121.9601, 20.3659], [121.9141, 20.3594], [121.9412, 20.4537], [122.0312, 20.4694]]], [[[121.8479, 20.8413], [121.8781, 20.7819], [121.7906, 20.7012], [121.8479, 20.8413]]], [[[120.3876, 22.4845], [120.0834, 23.0937], [120.1321, 23.6529], [121.0406, 25.0328], [121.5937, 25.2753], [121.8528, 25.1044], [121.929, 24.9737], [121.8201, 24.8245], [121.828, 24.5344], [121.6131, 24.0527], [121.3975, 23.1725], [120.8974, 22.3792], [120.8398, 21.925], [120.6901, 22.0331], [120.5812, 22.3564], [120.3876, 22.4845]]], [[[123.8256, 24.2661], [123.6807, 24.288], [123.7715, 24.4145], [123.9349, 24.362], [123.8256, 24.2661]]], [[[124.302, 24.5871], [124.2343, 24.3581], [124.1357, 24.3476], [124.0848, 24.4358], [124.2105, 24.4586], [124.302, 24.5871]]], [[[119.8324, 25.4796], [119.7003, 25.4327], [119.7226, 25.6388], [119.8384, 25.5911], [119.8324, 25.4796]]], [[[121.2055, 28.2044], [121.2514, 28.0864], [121.1315, 28.0626], [121.2055, 28.2044]]], [[[122.0427, 29.7359], [122.1196, 29.7822], [122.169, 29.6603], [122.0427, 29.7359]]], [[[122.3318, 29.935], [122.4016, 29.9502], [122.394, 29.8461], [122.3318, 29.935]]], [[[122.16059669565217, 30.0], [122.3101094117647, 30.0], [122.2815, 29.9438], [122.16059669565217, 30.0]]], [[[143.5866, -13.4437], [143.5484, -13.741], [143.7563, -14.3488], [143.9618, -14.4629], [144.2099, -14.302], [144.473, -14.2318], [144.648, -14.4925], [145.2877, -14.9432], [145.2716, -15.4767], [145.458, -16.0564], [145.4261, -16.4062], [145.7548, -16.8795], [145.9121, -16.9125], [145.902, -17.0702], [146.1259, -17.6353], [146.0322, -18.2729], [146.223, -18.5099], [146.3332, -18.5537], [146.2969, -18.8412], [146.3834, -18.9771], [146.692, -19.1874], [147.0026, -19.2561], [147.1388, -19.3932], [147.4186, -19.3781], [147.7424, -19.7701], [148.3669, -20.0875], [148.6005, -20.1452], [148.7594, -20.2896], [148.8848, -20.4809], [148.73, -20.4678], [148.6837, -20.5802], [149.2049, -21.1251], [149.3293, -21.4761], [149.4541, -21.5787], [149.524, -22.0236], [149.7039, -22.4405], [149.8225, -22.3898], [149.9744, -22.5507], [149.9419, -22.3081], [150.0206, -22.1684], [150.5413, -22.5591], [150.5686, -22.384], [150.6229, -22.3673], [150.7639, -22.5762], [150.8432, -23.458], [151.1538, -23.7841], [151.5008, -24.0124], [151.8316, -24.1229], [152.1299, -24.5976], [152.4563, -24.8024], [152.6543, -25.202], [152.9135, -25.4321], [152.9205, -25.6886], [153.1649, -25.9642], [153.0842, -26.3038], [153.1621, -26.9827], [153.1168, -27.1944], [153.5757, -28.2405], [153.6169, -28.673], [153.6046, -28.8545], [153.348, -29.2904], [153.2234984875983, -30.0], [114.96527829747427, -30.0], [114.959, -29.4336], [114.8568, -29.143], [114.6284, -28.8718], [114.5374, -28.5429], [114.1651, -28.0807], [114.0281, -27.3473], [113.1848, -26.1822], [113.3232, -26.2438], [113.3561, -26.0805], [113.5816, -26.5581], [113.7337, -26.5951], [113.8364, -26.5006], [113.8528, -26.3321], [113.5891, -26.0986], [113.3953, -25.7133], [113.4514, -25.5991], [113.7131, -25.8308], [113.7237, -26.1298], [113.7658, -26.1598], [113.8539, -26.0145], [113.992, -26.3215], [114.0903, -26.3937], [114.2157, -26.2895], [114.2143, -25.8516], [113.6708, -24.9771], [113.4177, -24.4356], [113.4898, -23.8696], [113.757, -23.4182], [113.7951, -22.9146], [113.6828, -22.6378], [113.9584, -21.9392], [114.1239, -21.8286], [114.0928, -22.1813], [114.1639, -22.3233], [114.1416, -22.4831], [114.3777, -22.3415], [114.7093, -21.8234], [115.4562, -21.4917], [116.0109, -21.0304], [116.7067, -20.6538], [117.1391, -20.6409], [117.4062, -20.7212], [118.1992, -20.3752], [118.7515, -20.2619], [119.1045, -19.9953], [119.5859, -20.0383], [120.4337, -19.842], [120.9979, -19.6044], [121.3377, -19.3199], [121.8338, -18.4771], [122.3454, -18.1119], [122.3609, -18.0369], [122.2374, -17.9686], [122.1475, -17.549], [122.1603, -17.3137], [122.2609, -17.1357], [122.7204, -16.7877], [122.9168, -16.4326], [122.9707, -16.4368], [123.1421, -16.8631], [123.5631, -17.5209], [123.5936, -17.0304], [123.8311, -17.1208], [123.8744, -16.9187], [123.4904, -16.4907], [123.626, -16.4163], [123.607, -16.224], [123.7289, -16.1925], [123.8592, -16.3823], [124.0444, -16.2649], [124.3004, -16.3883], [124.772, -16.4026], [124.4049, -16.2989], [124.4164, -16.1335], [124.5769, -16.1137], [124.6485, -15.8702], [124.6483, -15.8055], [124.5043, -15.9725], [124.3816, -15.7582], [124.4396, -15.4936], [124.5616, -15.4963], [124.6909, -15.3597], [124.6926, -15.2736], [125.0164, -15.4665], [125.063, -15.4423], [125.0729, -15.3067], [124.9092, -15.3101], [124.8391, -15.1607], [125.0233, -15.0719], [125.0382, -15.0041], [125.3557, -15.1198], [125.3838, -15.0156], [125.2433, -14.9445], [125.1787, -14.7147], [125.2846, -14.5841], [125.5798, -14.4832], [125.6277, -14.2566], [125.7046, -14.2914], [125.6616, -14.5295], [125.7385, -14.4443], [125.8195, -14.4691], [125.8906, -14.618], [126.0207, -14.4945], [126.1113, -14.1141], [126.0539, -13.9772], [126.1843, -14.0021], [126.2585, -14.1636], [126.4031, -14.0189], [126.5697, -14.1609], [126.7807, -13.9552], [126.7756, -13.7885], [126.9032, -13.7441], [127.4576, -14.0314], [128.1805, -14.7116], [128.0694, -15.3293], [128.1555, -15.2256], [128.2547, -15.2985], [128.175, -15.0432], [128.4099, -14.8289], [128.5758, -14.7745], [129.0582, -14.8844], [129.1651, -14.9876], [129.2158, -15.1603], [129.2676, -14.8715], [129.459, -14.9332], [129.6348, -15.1397], [129.6371, -14.851], [129.8487, -14.8289], [129.6047, -14.6471], [129.6979, -14.5574], [129.6079, -14.5597], [129.3787, -14.3925], [129.4592, -14.2135], [129.7099, -13.98], [129.8389, -13.5729], [130.1359, -13.4483], [130.2598, -13.3022], [130.135, -13.1455], [130.1682, -12.9574], [130.318, -12.8829], [130.3999, -12.6879], [130.6175, -12.6469], [130.6227, -12.4311], [130.7361, -12.4277], [130.8674, -12.5578], [130.8738, -12.3672], [131.0234, -12.3429], [131.0195, -12.2139], [131.2199, -12.1779], [131.2916, -12.0679], [131.3421, -12.2101], [131.4383, -12.277], [131.888, -12.2319], [132.0641, -12.2808], [132.2532, -12.186], [132.411, -12.2951], [132.5105, -12.1349], [132.7128, -12.1234], [132.6305, -12.0352], [132.6742, -11.649], [132.4752, -11.4915], [132.1336, -11.5007], [131.8225, -11.3024], [131.9615, -11.1809], [132.1555, -11.3111], [132.2627, -11.204], [132.334, -11.2235], [132.6828, -11.5056], [132.8571, -11.3911], [132.961, -11.4073], [133.1853, -11.7057], [133.5332, -11.8162], [133.9042, -11.832], [134.4174, -12.0527], [134.7303, -11.9844], [135.0297, -12.1937], [135.218, -12.2217], [135.9225, -11.8258], [135.834, -11.9507], [135.8895, -11.9928], [135.7044, -12.2099], [135.7439, -12.2417], [135.9378, -12.1521], [136.0085, -12.1914], [136.0818, -12.4225], [136.2606, -12.4338], [136.3285, -12.3056], [136.2701, -12.1316], [136.4434, -11.9515], [136.5402, -11.9576], [136.6098, -12.1336], [136.7194, -12.2265], [136.8975, -12.2436], [136.9475, -12.3499], [136.537, -12.7843], [136.5943, -13.0038], [136.461, -13.2252], [136.2941, -13.138], [135.9273, -13.3043], [135.9896, -13.8102], [135.9545, -13.9349], [135.8834, -14.1531], [135.4052, -14.7582], [135.4533, -14.9231], [136.2054, -15.4034], [136.2914, -15.5701], [136.5836, -15.7065], [136.7049, -15.6853], [136.6981, -15.835], [136.7847, -15.8942], [137.0021, -15.8783], [137.7037, -16.233], [137.9129, -16.4766], [138.245, -16.7184], [139.0099, -16.8993], [139.2484, -17.3286], [140.0358, -17.7026], [140.2097, -17.7044], [140.5111, -17.6245], [140.8305, -17.4145], [140.966, -17.0146], [141.2914, -16.4635], [141.4119, -16.0695], [141.4516, -15.6053], [141.6255, -15.0566], [141.5229, -14.4701], [141.5943, -14.1528], [141.4726, -13.7976], [141.6454, -13.2591], [141.6136, -12.9435], [141.7822, -12.7787], [141.9203, -12.8029], [141.9298, -12.7398], [141.8521, -12.5787], [141.6777, -12.4914], [141.6886, -12.3511], [141.8705, -11.9756], [141.9611, -12.0543], [142.1684, -10.9466], [142.3265, -10.8842], [142.4564, -10.7073], [142.6051, -10.7482], [142.5527, -10.8744], [142.7797, -11.1153], [142.8726, -11.8214], [142.9885, -11.919], [143.1789, -11.9545], [143.1103, -12.3035], [143.2541, -12.3977], [143.4016, -12.6399], [143.5866, -13.4437]]], [[[125.1981, -14.4748], [125.1988, -14.5795], [125.1348, -14.6417], [125.1174, -14.492], [125.1981, -14.4748]]], [[[136.1227, -13.8166], [136.2154, -13.6647], [136.2754, -13.7911], [136.1227, -13.8166]]], [[[130.0721, -11.6808], [130.1976, -11.6582], [130.1528, -11.4775], [130.3393, -11.337], [130.4593, -11.6793], [130.5799, -11.7371], [130.6062, -11.8166], [130.3175, -11.7718], [130.0766, -11.8255], [130.0721, -11.6808]]], [[[131.2683, -11.1898], [131.5386, -11.4369], [131.4586, -11.5879], [131.3828, -11.5825], [131.2921, -11.7109], [130.951, -11.9265], [130.5119, -11.6179], [130.3686, -11.2149], [130.4267, -11.1831], [130.6188, -11.3761], [130.7522, -11.3844], [130.9128, -11.3093], [131.023, -11.3344], [131.2683, -11.1898]]], [[[132.5736, -11.3184], [132.4838, -11.0373], [132.5788, -10.9688], [132.6291, -11.1691], [132.5736, -11.3184]]], [[[124.3556, -8.3859], [124.4307, -8.1832], [124.5086, -8.1354], [124.5996, -8.2018], [124.7522, -8.1596], [125.1246, -8.2048], [125.0968, -8.3528], [124.4442, -8.4446], [124.3556, -8.3859]]], [[[125.5071, -8.2751], [125.6461, -8.1399], [125.5795, -8.3118], [125.5071, -8.2751]]], [[[131.0201, -8.0913], [131.1764, -8.1308], [130.7752, -8.3499], [130.8334, -8.2708], [131.0201, -8.0913]]], [[[128.1192, -8.1707], [128.0235, -8.2554], [127.8209, -8.1902], [127.7862, -8.1203], [128.1192, -8.1707]]], [[[129.5919, -7.9174], [129.6555, -7.7948], [129.813, -7.8197], [129.8436, -7.8894], [129.7798, -8.0465], [129.5919, -7.9174]]], [[[125.7982, -7.9846], [125.8432, -7.8167], [125.9753, -7.6634], [126.2137, -7.7067], [126.6096, -7.5718], [126.801, -7.6679], [126.8127, -7.7379], [126.5773, -7.8076], [126.4721, -7.9504], [126.04, -7.8858], [125.7982, -7.9846]]], [[[127.4752, -7.5311], [127.464, -7.5969], [127.3553, -7.6465], [127.3707, -7.5128], [127.4752, -7.5311]]], [[[131.1378, -7.6849], [131.5607, -7.1357], [131.7008, -7.1402], [131.7361, -7.1971], [131.6438, -7.2669], [131.6911, -7.4389], [131.6244, -7.6262], [131.3771, -7.8691], [131.3256, -7.9995], [131.1138, -7.9974], [131.1378, -7.6849]]], [[[131.9695, -7.2514], [131.7775, -7.1439], [131.7508, -7.1168], [131.9223, -7.1045], [131.9695, -7.2514]]], [[[128.6732, -7.1134], [128.625, -7.2086], [128.5298, -7.1346], [128.6277, -7.0687], [128.6732, -7.1134]]], [[[134.6977, -6.6257], [134.6744, -6.7498], [134.6574, -6.7653], [134.6291, -6.7128], [134.6977, -6.6257]]], [[[134.1946, -6.4598], [134.1246, -6.4265], [134.1146, -6.1908], [134.1681, -6.1763], [134.5368, -6.4423], [134.356, -6.8148], [134.2, -6.9088], [134.0592, -6.7693], [134.107, -6.4716], [134.1946, -6.4598]]], [[[134.7161, -6.5494], [134.6608, -6.5589], [134.6337, -6.4772], [134.6791, -6.4561], [134.7161, -6.5494]]], [[[134.8195, -6.4342], [134.7953, -6.3931], [134.8858, -6.3235], [134.8195, -6.4342]]], [[[134.1531, -6.0195], [134.302, -6.0098], [134.3431, -5.833], [134.2054, -5.7072], [134.3413, -5.7129], [134.5064, -5.4385], [134.6165, -5.4386], [134.747, -5.707], [134.7142, -6.2951], [134.6376, -6.3653], [134.4411, -6.3349], [134.1531, -6.0195]]], [[[132.8071, -5.8508], [132.7463, -5.9471], [132.6814, -5.9126], [132.6302, -5.607], [132.7378, -5.6617], [132.8071, -5.8508]]], [[[132.9711, -5.7358], [132.845, -5.988], [133.1385, -5.3179], [133.1196, -5.576], [132.9711, -5.7358]]], [[[140.7865, -8.9737], [139.9833, -8.1665], [140.117, -7.9237], [139.9348, -8.1012], [139.3856, -8.1891], [139.2791, -8.1069], [139.2488, -7.9824], [139.193, -8.0861], [138.9335, -8.2624], [138.8906, -8.2378], [138.8562, -8.1451], [139.088, -7.5872], [138.7479, -7.2515], [139.1769, -7.1904], [138.8457, -7.1363], [138.6014, -6.9365], [138.8646, -6.8584], [138.4387, -6.3434], [138.2963, -5.949], [138.3746, -5.8437], [138.1996, -5.807], [138.3396, -5.6757], [138.0871, -5.7092], [138.0608, -5.4652], [137.3066, -5.0144], [137.2798, -4.9454], [137.1959, -4.9904], [136.6188, -4.8187], [135.9797, -4.5309], [135.1956, -4.4507], [134.7542, -4.1954], [134.6797, -4.0791], [134.7065, -3.9548], [134.8865, -3.9385], [134.2662, -3.9458], [134.1471, -3.7968], [133.9738, -3.818], [133.6783, -3.4795], [133.6972, -3.2481], [133.8415, -3.0548], [133.7004, -3.0875], [133.6531, -3.3644], [133.5182, -3.4119], [133.5423, -3.5164], [133.4151, -3.7321], [133.4009, -3.899], [133.2487, -4.0623], [132.9145, -4.0569], [132.7539, -3.7036], [132.8697, -3.551], [132.7514, -3.2946], [132.3482, -2.9751], [132.0539, -2.9146], [131.9712, -2.7886], [132.2307, -2.6804], [132.725, -2.7891], [133.0338, -2.4874], [133.191, -2.4378], [133.6087, -2.5472], [133.7001, -2.6246], [133.7533, -2.4507], [133.9049, -2.3909], [133.8989, -2.3045], [133.791, -2.2937], [133.9216, -2.1021], [133.7104, -2.1892], [132.9628, -2.2726], [132.3076, -2.2423], [132.0234, -1.9903], [131.9304, -1.5597], [131.2937, -1.3935], [131.1178, -1.4553], [130.9959, -1.4247], [131.0462, -1.2841], [131.1908, -1.1658], [131.2572, -0.8555], [131.8043, -0.7038], [132.1284, -0.4541], [132.508, -0.3475], [132.8564, -0.4174], [133.4727, -0.7262], [134.0249, -0.7697], [134.1115, -0.8468], [134.072, -1.0019], [134.2596, -1.363], [134.1059, -1.721], [134.1948, -2.3091], [134.46, -2.8323], [134.4833, -2.583], [134.5669, -2.5104], [134.6274, -2.5367], [134.7021, -2.9336], [134.8434, -2.9092], [134.8868, -3.2099], [135.0374, -3.3331], [135.4866, -3.3451], [135.8592, -2.9953], [136.013, -2.7343], [136.2433, -2.5831], [136.3899, -2.2733], [137.0721, -2.1051], [137.1711, -2.0255], [137.1234, -1.8409], [137.8063, -1.4832], [137.9111, -1.4838], [139.7896, -2.3482], [140.1546, -2.35], [140.251, -2.412], [140.6226, -2.4458], [140.7475, -2.6071], [141.1856, -2.6278], [142.549, -3.2046], [143.509, -3.4312], [144.0664, -3.8052], [144.4777, -3.8253], [145.0878, -4.3491], [145.3346, -4.3853], [145.767, -4.823], [145.7452, -5.4024], [146.4034, -5.6166], [147.0343, -5.9192], [147.4228, -5.9662], [147.8021, -6.3152], [147.8545, -6.5512], [147.8104, -6.7036], [147.1191, -6.7217], [146.9536, -6.8341], [146.9607, -6.9288], [147.2602, -7.4641], [147.7243, -7.8763], [148.1268, -8.1036], [148.2469, -8.5543], [148.4512, -8.6945], [148.5831, -9.0518], [148.7918, -9.0895], [149.1983, -9.0312], [149.2641, -9.1808], [149.203, -9.4068], [149.2632, -9.4979], [150.011, -9.6882], [149.7612, -9.8059], [149.8744, -10.013], [150.3641, -10.1896], [150.8495, -10.236], [150.6368, -10.338], [150.4461, -10.3073], [150.4103, -10.3393], [150.4889, -10.4258], [150.6472, -10.518], [150.4824, -10.6369], [150.3199, -10.6549], [150.0168, -10.5771], [149.7541, -10.353], [147.7687, -10.0701], [147.5531, -9.9124], [147.4083, -9.6747], [147.0172, -9.3879], [146.9254, -9.2472], [146.9638, -9.0596], [146.8562, -9.0877], [146.6309, -8.9512], [146.0332, -8.0764], [145.7287, -7.9524], [144.9738, -7.8021], [144.8643, -7.6315], [144.5099, -7.5674], [144.4313, -7.6794], [144.1429, -7.7572], [143.8982, -7.6738], [143.6549, -7.4604], [143.9423, -7.9442], [143.8406, -7.9419], [143.888, -8.0177], [143.8334, -8.0291], [143.5182, -8.0007], [143.6138, -8.2004], [143.0949, -8.3112], [142.7086, -8.2723], [142.5241, -8.3217], [142.4476, -8.3162], [142.3475, -8.1675], [142.2068, -8.1958], [142.3251, -8.1983], [142.4748, -8.3694], [142.7979, -8.345], [143.1118, -8.4745], [143.3772, -8.7622], [143.3662, -8.961], [142.6472, -9.3278], [142.2296, -9.1699], [141.6216, -9.2113], [141.4057, -9.1507], [141.1332, -9.2213], [140.7865, -8.9737]]], [[[133.3209, -4.111], [133.5708, -4.2459], [133.6219, -4.2993], [133.333, -4.1696], [133.3209, -4.111]]], [[[128.0162, -3.6009], [128.2644, -3.5123], [128.3291, -3.5159], [128.1918, -3.7353], [128.1469, -3.6771], [127.9344, -3.7431], [128.0162, -3.6009]]], [[[128.3916, -3.6379], [128.4516, -3.5147], [128.5626, -3.5854], [128.3916, -3.6379]]], [[[128.5949, -3.4948], [128.7225, -3.5469], [128.7133, -3.6025], [128.6195, -3.5886], [128.5949, -3.4948]]], [[[126.6863, -3.8236], [126.1783, -3.5794], [126.0565, -3.421], [126.0265, -3.1705], [126.0883, -3.1055], [126.2196, -3.1481], [126.8083, -3.0691], [127.0255, -3.166], [127.2273, -3.391], [127.2296, -3.633], [126.9409, -3.7646], [126.6863, -3.8236]]], [[[130.8051, -3.8577], [129.8441, -3.3271], [129.5117, -3.3285], [129.5217, -3.4337], [129.4677, -3.4532], [128.9675, -3.3261], [128.9254, -3.2293], [128.7513, -3.3005], [128.639, -3.4334], [128.5166, -3.4491], [128.132, -3.1574], [127.9204, -3.5061], [127.8779, -3.2221], [128.1985, -2.8659], [128.9911, -2.8285], [129.1744, -2.9335], [129.4842, -2.7857], [129.9844, -2.9767], [130.3791, -2.9894], [130.5699, -3.1309], [130.6711, -3.3915], [130.7734, -3.4188], [130.86, -3.5703], [130.8051, -3.8577]]], [[[127.5545, -3.2543], [127.6293, -3.3592], [127.4877, -3.2882], [127.5545, -3.2543]]], [[[127.8343, -3.0044], [127.9879, -2.9365], [127.9377, -3.02], [127.8343, -3.0044]]], [[[126.0657, -2.3658], [126.0379, -2.4694], [125.8629, -2.0771], [125.9228, -1.9748], [125.9927, -2.0118], [125.976, -2.1681], [126.0657, -2.3658]]], [[[134.3695, -2.0276], [134.419, -2.0518], [134.3452, -2.1388], [134.3351, -2.0952], [134.3695, -2.0276]]], [[[130.1335, -2.0639], [129.8865, -1.9864], [129.7377, -1.8669], [130.3533, -1.6905], [130.425, -1.8046], [130.3806, -1.9026], [130.4188, -1.9713], [130.1335, -2.0639]]], [[[125.3872, -1.8431], [126.0242, -1.7897], [126.3317, -1.8229], [125.9564, -1.9166], [125.4326, -1.9381], [125.3872, -1.8431]]], [[[125.0067, -1.9431], [124.8345, -1.8944], [124.4178, -2.0052], [124.3297, -1.8589], [124.3809, -1.6875], [124.483, -1.6443], [125.063, -1.741], [125.1458, -1.6926], [125.1977, -1.7803], [125.3202, -1.8101], [125.3141, -1.8771], [125.0067, -1.9431]]], [[[136.8926, -1.7997], [136.2281, -1.8937], [135.4876, -1.6684], [135.4742, -1.5918], [136.2016, -1.655], [136.8926, -1.7997]]], [[[127.6467, -1.3324], [127.9051, -1.4391], [128.153, -1.6605], [128.0612, -1.7124], [127.4576, -1.6967], [127.3922, -1.6448], [127.4567, -1.4537], [127.6467, -1.3324]]], [[[130.8972, -0.89], [131.0739, -0.9683], [131.0019, -1.3155], [130.8451, -1.3173], [130.6729, -0.9598], [130.8972, -0.89]]], [[[134.9174, -1.1343], [134.8089, -1.0376], [134.8893, -0.9385], [134.9963, -1.0341], [134.9174, -1.1343]]], [[[136.1647, -1.2147], [135.915, -1.1784], [135.8388, -1.1194], [135.7471, -0.823], [135.6457, -0.8819], [135.4316, -0.7688], [135.383, -0.6514], [135.8936, -0.7258], [136.1547, -0.9783], [136.3753, -1.094], [136.1647, -1.2147]]], [[[130.9053, -0.7774], [130.8324, -0.8629], [130.4024, -0.9239], [130.4843, -0.8325], [130.8135, -0.8139], [130.807, -0.765], [130.9053, -0.7774]]], [[[127.3004, -0.781], [127.1564, -0.7609], [127.2091, -0.6193], [127.2582, -0.6234], [127.3004, -0.781]]], [[[127.6238, -0.766], [127.4627, -0.806], [127.4687, -0.643], [127.3, -0.5003], [127.3251, -0.3358], [127.4552, -0.4063], [127.567, -0.3189], [127.6824, -0.4684], [127.605, -0.6102], [127.6586, -0.6895], [127.8043, -0.6944], [127.8802, -0.8087], [127.7611, -0.8837], [127.6238, -0.766]]], [[[130.4654, -0.4865], [130.6159, -0.4173], [130.6843, -0.4691], [130.5691, -0.53], [130.4654, -0.4865]]], [[[127.1191, -0.5205], [127.1265, -0.2786], [127.29, -0.2844], [127.2499, -0.4953], [127.1191, -0.5205]]], [[[131.0054, -0.3607], [130.6835, -0.0807], [130.6222, -0.0859], [130.6383, -0.143], [130.7613, -0.2914], [130.8992, -0.3444], [130.8963, -0.416], [130.7502, -0.4438], [130.6887, -0.2966], [130.5508, -0.3664], [130.4963, -0.2674], [130.2366, -0.2097], [130.3625, -0.0729], [130.8133, -0.0041], [131.0258, -0.0399], [131.3169, -0.2043], [131.3397, -0.2903], [131.2575, -0.3657], [131.0054, -0.3607]]], [[[129.3088, 0.0454], [129.542, -0.1393], [129.5489, -0.187], [129.3701, -0.0664], [129.3088, 0.0454]]], [[[127.3968, 0.0166], [127.4313, 0.1426], [127.4486, -0.0366], [127.3968, 0.0166]]], [[[128.2225, 1.4006], [128.6884, 1.5726], [128.7026, 1.1064], [128.2988, 0.8768], [128.2606, 0.7338], [128.6112, 0.55], [128.6916, 0.3604], [128.8996, 0.2163], [128.4465, 0.3916], [127.9831, 0.4719], [127.8874, 0.2983], [127.9778, -0.2483], [128.2535, -0.7316], [128.4255, -0.8927], [128.2781, -0.87], [128.2334, -0.7877], [128.0464, -0.7061], [127.889, -0.4235], [127.6916, -0.2419], [127.7087, 0.2881], [127.5554, 0.4896], [127.5371, 0.6109], [127.608, 0.8482], [127.5204, 0.924], [127.4203, 1.252], [127.6317, 1.8437], [127.8999, 2.1374], [128.0364, 2.199], [127.8868, 1.833], [128.0109, 1.7012], [128.0117, 1.3317], [127.8854, 1.1628], [127.6528, 1.0139], [127.6344, 0.9361], [127.7327, 0.8481], [127.8811, 0.8321], [127.9673, 1.0426], [128.1607, 1.1578], [128.1574, 1.3166], [128.2225, 1.4006]]], [[[127.4426, 0.7334], [127.3736, 0.6349], [127.3826, 0.7436], [127.4426, 0.7334]]], [[[127.2928, 0.8425], [127.3538, 0.8475], [127.3384, 0.7584], [127.3061, 0.7694], [127.2928, 0.8425]]], [[[128.4539, 2.0518], [128.2959, 2.0347], [128.218, 2.2975], [128.3304, 2.4693], [128.6021, 2.5976], [128.6885, 2.4737], [128.6232, 2.2244], [128.4539, 2.0518]]], [[[125.3908, 2.8054], [125.4465, 2.763], [125.3973, 2.6295], [125.3601, 2.7468], [125.3908, 2.8054]]], [[[131.1879, 3.0556], [131.135, 3.0252], [131.1367, 3.0395], [131.1879, 3.0556]]], [[[125.5115, 3.4611], [125.4688, 3.7333], [125.5435, 3.6704], [125.6332, 3.4054], [125.5115, 3.4611]]], [[[126.7789, 3.8432], [126.857, 3.8124], [126.8519, 3.7685], [126.7996, 3.7839], [126.7789, 3.8432]]], [[[126.6375, 4.0419], [126.7396, 3.9177], [126.7218, 3.8325], [126.6375, 4.0419]]], [[[126.8125, 4.5372], [126.9211, 4.291], [126.8166, 4.0335], [126.7112, 4.0203], [126.8136, 4.2585], [126.7205, 4.4158], [126.7573, 4.5479], [126.8125, 4.5372]]], [[[125.7834, 7.1307], [125.7689, 6.9058], [125.683, 7.0732], [125.7145, 7.1855], [125.7834, 7.1307]]], [[[134.5347, 7.3606], [134.5157, 7.5258], [134.6512, 7.7121], [134.5954, 7.382], [134.5347, 7.3606]]], [[[125.9678, 9.7591], [125.9705, 9.5936], [125.9524, 9.568], [125.9678, 9.7591]]], [[[126.0468, 9.7608], [125.9986, 9.9271], [126.0738, 10.0592], [126.1726, 9.8], [126.0468, 9.7608]]], [[[125.133, 10.155], [125.231, 10.1157], [125.2877, 9.9327], [125.159, 10.0629], [125.133, 10.155]]], [[[125.6668, 10.4401], [125.7033, 10.0718], [125.6726, 9.8865], [125.4948, 10.1187], [125.5246, 10.3097], [125.6668, 10.4401]]], [[[125.1642, 10.6375], [125.2685, 10.3077], [125.1484, 10.2724], [125.1426, 10.1895], [124.9875, 10.3676], [125.0266, 10.0331], [124.7808, 10.1681], [124.7377, 10.4397], [124.7867, 10.7814], [124.6627, 10.962], [124.4455, 10.9236], [124.3307, 11.5352], [124.6443, 11.3081], [124.8211, 11.4014], [124.93, 11.3729], [125.0443, 11.1353], [125.0132, 10.7857], [125.1642, 10.6375]]], [[[124.8359, 11.5433], [124.7811, 11.5808], [124.7309, 11.7153], [124.8544, 11.5948], [124.8359, 11.5433]]], [[[125.4565, 11.9525], [125.4918, 11.5943], [125.609, 11.323], [125.5735, 11.2382], [125.704, 11.1648], [125.7356, 11.0496], [125.6281, 11.132], [125.2334, 11.1451], [125.0343, 11.3413], [124.917, 11.5584], [124.995, 11.7649], [124.8843, 11.7755], [124.6768, 12.0209], [124.4457, 12.1528], [124.2947, 12.5693], [124.5658, 12.5262], [125.1502, 12.5726], [125.2396, 12.5279], [125.3202, 12.3218], [125.5356, 12.1914], [125.4565, 11.9525]]], [[[125.3149, 24.8524], [125.3346, 24.8047], [125.4441, 24.7432], [125.2689, 24.7325], [125.3149, 24.8524]]], [[[127.8064, 26.1712], [127.6531, 26.0947], [127.7289, 26.4339], [127.926, 26.5557], [127.9072, 26.6936], [128.0977, 26.6678], [128.2549, 26.8819], [128.3316, 26.8121], [128.3109, 26.7207], [128.127, 26.5522], [127.8671, 26.4425], [127.9048, 26.3281], [127.7901, 26.2551], [127.8064, 26.1712]]], [[[128.8828, 27.8424], [128.9517, 27.9103], [128.9981, 27.7208], [128.9, 27.7278], [128.8828, 27.8424]]], [[[129.3306, 28.0816], [129.2324, 28.1011], [129.1925, 28.1925], [129.2574, 28.1762], [129.3306, 28.0816]]], [[[129.7146, 28.4696], [129.3664, 28.1277], [129.1646, 28.2498], [129.6896, 28.5175], [129.7146, 28.4696]]], [[[153.3958, -27.665], [153.4354, -27.4054], [153.5219, -27.4225], [153.4527, -27.7117], [153.3958, -27.665]]], [[[153.4209, -27.331], [153.3799, -27.0494], [153.4668, -27.0381], [153.4209, -27.331]]], [[[153.242, -24.9226], [153.1438, -24.8148], [153.2569, -24.7289], [153.3502, -25.0631], [153.052, -25.7783], [152.9767, -25.5514], [153.0607, -25.3022], [153.0381, -25.1932], [153.1893, -25.0705], [153.242, -24.9226]]], [[[151.06, -23.4605], [151.2401, -23.5297], [151.2958, -23.7203], [151.2383, -23.7758], [151.0333, -23.5302], [151.06, -23.4605]]], [[[150.4885, -22.2107], [150.5488, -22.3069], [150.5167, -22.3226], [150.4624, -22.3077], [150.4885, -22.2107]]], [[[149.9123, -22.0487], [149.8937, -22.2232], [149.8695, -22.1504], [149.9123, -22.0487]]], [[[148.9389, -20.2837], [148.9811, -20.1535], [149.0437, -20.2915], [148.9389, -20.2837]]], [[[148.9563, -20.1347], [148.8869, -20.1436], [148.9679, -20.0443], [148.9563, -20.1347]]], [[[159.9364, -19.3331], [159.9282, -19.1743], [159.9599, -19.1146], [159.9751, -19.2383], [159.9364, -19.3331]]], [[[146.2783, -18.2312], [146.342, -18.4001], [146.2988, -18.4848], [146.0988, -18.2518], [146.2783, -18.2312]]], [[[139.4217, -17.1316], [139.4928, -16.9904], [139.5709, -17.0944], [139.4217, -17.1316]]], [[[139.5879, -16.3952], [139.6978, -16.5149], [139.5597, -16.5295], [139.4306, -16.661], [139.1596, -16.7417], [139.1627, -16.6259], [139.293, -16.4673], [139.5879, -16.3952]]], [[[137.0509, -15.8244], [136.9427, -15.7117], [137.0096, -15.5948], [137.0937, -15.7781], [137.0509, -15.8244]]], [[[136.6123, -15.5441], [136.591, -15.6282], [136.5143, -15.6273], [136.5226, -15.5432], [136.6123, -15.5441]]], [[[136.8468, -15.6273], [136.8456, -15.544], [136.8769, -15.5025], [136.8902, -15.5889], [136.8468, -15.6273]]], [[[136.7499, -14.1152], [136.9508, -14.1843], [136.8943, -14.2931], [136.3354, -14.2118], [136.4277, -14.1265], [136.4247, -13.8648], [136.6557, -13.6759], [136.758, -13.8454], [136.8453, -13.751], [136.9056, -13.827], [136.7882, -13.9458], [136.7499, -14.1152]]], [[[136.1803, -11.6768], [136.2674, -11.5765], [136.4793, -11.4659], [136.3387, -11.6023], [136.1803, -11.6768]]], [[[153.2036, -11.3241], [153.7032, -11.5285], [153.7599, -11.5863], [153.5537, -11.6306], [153.379, -11.5596], [153.357, -11.495], [153.2868, -11.517], [153.3224, -11.4715], [153.2036, -11.3241]]], [[[154.266, -11.4159], [154.0641, -11.4193], [154.0234, -11.3479], [154.2379, -11.3389], [154.266, -11.4159]]], [[[136.5266, -11.4389], [136.7105, -11.1584], [136.7317, -11.0246], [136.7803, -11.0125], [136.7414, -11.1946], [136.5266, -11.4389]]], [[[142.1914, -10.762], [142.1311, -10.6406], [142.1979, -10.592], [142.2748, -10.7048], [142.1914, -10.762]]], [[[150.7993, -10.5541], [150.8987, -10.5653], [150.8847, -10.6435], [150.7857, -10.6034], [150.7993, -10.5541]]], [[[142.2188, -10.1494], [142.2987, -10.1404], [142.339, -10.1922], [142.2162, -10.2356], [142.2188, -10.1494]]], [[[142.1676, -10.1541], [142.0977, -10.1218], [142.1488, -10.0518], [142.192, -10.0853], [142.1676, -10.1541]]], [[[150.9592, -10.0926], [150.7761, -9.7091], [151.081, -10.0201], [151.2557, -9.9227], [151.2965, -9.9567], [151.2309, -10.1947], [150.9592, -10.0926]]], [[[160.6492, -9.9286], [160.3211, -9.8213], [159.8027, -9.7635], [159.6219, -9.5321], [159.6256, -9.3112], [159.7504, -9.2727], [159.9706, -9.4333], [160.3546, -9.4216], [160.6255, -9.5889], [160.8189, -9.8628], [160.6492, -9.9286]]], [[[150.844, -9.7028], [150.4362, -9.6246], [150.5085, -9.5361], [150.4373, -9.36], [150.7887, -9.418], [150.8791, -9.5127], [150.894, -9.6675], [150.844, -9.7028]]], [[[150.3313, -9.5186], [150.1098, -9.3619], [150.2083, -9.2063], [150.3201, -9.2642], [150.3682, -9.3965], [150.3313, -9.5186]]], [[[152.9669, -9.209], [152.7201, -9.1665], [152.5151, -9.0099], [152.8101, -8.9672], [152.9953, -9.1078], [152.9669, -9.209]]], [[[159.0776, -9.0254], [159.2284, -9.03], [159.234, -9.0938], [159.0711, -9.1097], [159.0776, -9.0254]]], [[[158.2534, -8.7974], [158.1554, -8.7859], [158.21, -8.6781], [158.2534, -8.7974]]], [[[157.4579, -8.7302], [157.5793, -8.7037], [157.6432, -8.794], [157.4579, -8.7302]]], [[[158.1035, -8.6465], [158.0095, -8.7631], [157.8793, -8.6687], [157.9984, -8.5082], [158.1322, -8.5566], [158.0684, -8.6066], [158.1035, -8.6465]]], [[[151.1176, -8.4188], [151.1241, -8.8049], [151.0462, -8.7283], [151.0828, -8.5687], [151.005, -8.5238], [151.1176, -8.4188]]], [[[157.389, -8.7135], [157.2123, -8.565], [157.3795, -8.4209], [157.4109, -8.4751], [157.3322, -8.6507], [157.389, -8.7135]]], [[[143.6082, -8.6771], [143.2068, -8.4234], [143.4434, -8.5189], [143.6082, -8.6771]]], [[[159.5692, -8.4848], [159.5946, -8.3795], [159.6877, -8.5079], [159.64, -8.5215], [159.5692, -8.4848]]], [[[143.5432, -8.4848], [143.3669, -8.4169], [143.3219, -8.3676], [143.5814, -8.3909], [143.5432, -8.4848]]], [[[157.558, -8.2699], [157.2324, -8.3148], [157.2285, -8.2116], [157.4334, -7.9847], [157.5988, -8.006], [157.6123, -8.1648], [157.8263, -8.324], [157.8854, -8.5691], [157.8193, -8.612], [157.5879, -8.4454], [157.558, -8.2699]]], [[[138.5942, -8.3715], [138.5634, -8.3091], [138.7962, -8.1736], [138.8977, -8.3375], [138.8455, -8.4018], [138.5942, -8.3715]]], [[[156.5703, -7.9588], [156.5917, -8.1963], [156.5396, -8.0729], [156.5703, -7.9588]]], [[[158.944, -8.0407], [158.4574, -7.5447], [158.7344, -7.6043], [159.1094, -7.9035], [159.4314, -8.029], [159.8431, -8.327], [159.7939, -8.4061], [159.8809, -8.5574], [159.6445, -8.3717], [158.944, -8.0407]]], [[[157.1915, -8.0818], [157.0412, -8.1175], [156.959, -7.938], [157.1027, -7.8555], [157.1861, -7.9412], [157.1915, -8.0818]]], [[[138.2955, -7.4385], [138.7698, -7.3904], [138.9626, -7.588], [138.9891, -7.6961], [138.7859, -8.0591], [138.2963, -8.4052], [137.6504, -8.3861], [138.0075, -7.6416], [138.2955, -7.4385]]], [[[156.8091, -7.7229], [156.6687, -7.9368], [156.5024, -7.6402], [156.5609, -7.574], [156.8091, -7.7229]]], [[[155.8646, -7.0433], [155.8398, -7.0972], [155.6775, -7.089], [155.739, -6.9729], [155.8646, -7.0433]]], [[[156.4525, -6.6383], [156.6042, -6.641], [157.0303, -6.892], [157.1934, -7.1604], [157.5187, -7.3656], [157.4413, -7.4257], [157.3146, -7.3415], [157.1016, -7.3236], [156.4949, -6.7616], [156.4525, -6.6383]]], [[[155.2605, -6.6261], [155.2021, -6.3076], [155.0102, -6.2098], [154.7593, -5.9313], [154.7293, -5.4444], [155.0938, -5.6202], [155.467, -6.1451], [155.8226, -6.3805], [155.9576, -6.6868], [155.9149, -6.7967], [155.6174, -6.856], [155.4273, -6.7827], [155.2605, -6.6261]]], [[[148.0604, -5.7646], [147.9854, -5.834], [147.8745, -5.7492], [147.7811, -5.6272], [147.7946, -5.4924], [148.0548, -5.6115], [148.0604, -5.7646]]], [[[147.1311, -5.1908], [147.2063, -5.2516], [147.2219, -5.3815], [147.1202, -5.4374], [147.0059, -5.307], [147.1311, -5.1908]]], [[[152.2576, -4.9547], [152.0133, -5.0038], [151.9837, -5.0744], [152.143, -5.357], [152.0771, -5.4583], [151.8654, -5.5648], [151.5151, -5.5523], [151.4225, -5.7474], [151.2293, -5.9199], [150.4283, -6.2762], [149.6525, -6.2904], [149.3823, -6.0781], [149.099, -6.117], [148.7191, -5.8674], [148.4012, -5.765], [148.3372, -5.6694], [148.3447, -5.5449], [148.432, -5.4718], [148.9992, -5.4846], [149.3589, -5.584], [149.8314, -5.5241], [149.9628, -5.4478], [150.09, -5.0118], [150.1703, -5.0706], [150.0725, -5.3096], [150.1831, -5.5236], [150.5194, -5.4603], [150.7345, -5.5104], [150.9529, -5.4237], [151.1378, -5.1129], [151.3266, -4.9604], [151.6712, -4.8833], [151.6646, -4.637], [151.5442, -4.2992], [151.5931, -4.2008], [151.8193, -4.217], [151.9676, -4.317], [152.1172, -4.2122], [152.4057, -4.3407], [152.4, -4.7313], [152.2576, -4.9547]]], [[[154.6473, -5.4327], [154.54, -5.1108], [154.6326, -5.0139], [154.7271, -5.2181], [154.6473, -5.4327]]], [[[145.9523, -4.7558], [145.8836, -4.6675], [145.9958, -4.5393], [146.0534, -4.6401], [145.9523, -4.7558]]], [[[153.663, -4.0412], [153.6501, -4.123], [153.5915, -4.096], [153.663, -4.0412]]], [[[151.8798, -3.4001], [151.0668, -2.829], [150.7461, -2.7389], [150.8265, -2.7129], [150.8254, -2.5729], [151.2265, -2.8703], [151.4754, -2.9425], [151.8071, -3.1729], [152.0329, -3.2514], [153.0168, -4.1057], [153.1325, -4.3524], [153.0443, -4.4764], [153.0232, -4.6663], [152.8917, -4.8324], [152.6807, -4.4984], [152.6968, -4.282], [152.5984, -3.9948], [152.1922, -3.5059], [151.8798, -3.4001]]], [[[152.6388, -3.0428], [152.6706, -3.1334], [152.6462, -3.2212], [152.5433, -3.0956], [152.6388, -3.0428]]], [[[152.0992, -2.9474], [152.0573, -2.9949], [151.9546, -2.8705], [151.9747, -2.8456], [152.0992, -2.9474]]], [[[152.0113, -2.8092], [151.9334, -2.8304], [151.9464, -2.7086], [152.002, -2.7378], [152.0113, -2.8092]]], [[[150.4366, -2.6618], [150.1657, -2.6603], [149.9616, -2.4738], [150.2271, -2.3842], [150.4295, -2.4704], [150.4366, -2.6618]]], [[[147.7355, -2.3155], [147.8358, -2.2468], [147.877, -2.2831], [147.8445, -2.3357], [147.7355, -2.3155]]], [[[146.7479, -2.1488], [146.5465, -2.2086], [146.5324, -2.1262], [146.607, -2.1025], [146.5959, -2.0169], [146.6562, -1.974], [146.8571, -1.9485], [147.4441, -2.0115], [147.2063, -2.1819], [146.7479, -2.1488]]], [[[149.7632, -1.5892], [149.5459, -1.4717], [149.581, -1.3532], [149.7253, -1.4307], [149.7632, -1.5892]]], [[[158.3148, 6.8137], [158.1834, 6.8013], [158.1348, 6.9448], [158.2946, 6.9511], [158.3148, 6.8137]]], [[[151.5697, 7.3455], [151.6295, 7.3904], [151.6505, 7.3628], [151.6395, 7.333], [151.5697, 7.3455]]], [[[151.8653, 7.4662], [151.9105, 7.4602], [151.856, 7.4318], [151.8653, 7.4662]]], [[[138.0671, 9.419], [138.147, 9.5836], [138.1858, 9.5933], [138.2136, 9.5472], [138.0671, 9.419]]], [[[144.65, 13.3135], [144.6493, 13.4287], [144.8367, 13.6224], [144.9408, 13.5703], [144.7799, 13.4111], [144.7418, 13.2593], [144.65, 13.3135]]], [[[145.2324, 14.1895], [145.2153, 14.1113], [145.1574, 14.1369], [145.1521, 14.1636], [145.2324, 14.1895]]], [[[145.6474, 15.0595], [145.621, 14.9195], [145.6248, 15.0602], [145.6474, 15.0595]]], [[[145.7132, 15.2153], [145.8219, 15.2654], [145.7492, 15.1072], [145.6843, 15.1251], [145.7132, 15.2153]]], [[[145.6955, 16.3796], [145.6583, 16.3358], [145.6311, 16.378], [145.6955, 16.3796]]], [[[145.8074, 18.1727], [145.7775, 18.079], [145.7291, 18.0569], [145.8074, 18.1727]]], [[[145.7066, 18.7905], [145.6781, 18.7252], [145.6455, 18.8068], [145.7066, 18.7905]]], [[[142.1071, 26.7215], [142.2021, 26.6488], [142.1882, 26.6165], [142.1071, 26.7215]]], [[[167.9904, -29.0421], [167.9607, -29.0963], [167.9062, -29.0281], [167.9206, -29.014], [167.9904, -29.0421]]], [[[167.5295, -22.5792], [167.5127, -22.6611], [167.4221, -22.6186], [167.4435, -22.5414], [167.5295, -22.5792]]], [[[174.5872, -21.6801], [174.6219, -21.7059], [174.593, -21.7023], [174.5872, -21.6801]]], [[[167.8154, -21.3927], [167.9885, -21.3379], [168.0109, -21.43], [168.1391, -21.4452], [168.1207, -21.6158], [167.9668, -21.6416], [167.8759, -21.5821], [167.8154, -21.3927]]], [[[185.0325, -21.3817], [185.0869, -21.3005], [185.0813, -21.4506], [185.0325, -21.3817]]], [[[165.4472, -21.0806], [166.9424, -22.0901], [167.0043, -22.2615], [166.9703, -22.3229], [166.7741, -22.3762], [166.468, -22.2561], [166.1767, -22.0892], [166.0961, -21.9566], [165.3286, -21.5801], [164.9274, -21.2898], [164.1697, -20.4802], [164.1581, -20.3479], [164.0373, -20.2336], [164.0597, -20.1415], [164.3151, -20.3089], [164.4359, -20.2822], [164.9757, -20.6811], [165.1918, -20.7688], [165.3806, -20.9358], [165.4472, -21.0806]]], [[[184.6774, -21.0993], [184.8381, -21.1693], [184.9218, -21.129], [184.9159, -21.1607], [184.8434, -21.2637], [184.6646, -21.1577], [184.6774, -21.0993]]], [[[167.204, -20.6735], [167.2979, -20.7325], [167.2935, -20.8915], [167.4306, -21.0553], [167.4009, -21.1606], [167.1339, -21.0606], [167.0327, -20.9226], [167.1895, -20.8035], [167.0558, -20.7202], [167.204, -20.6735]]], [[[181.2725, -20.6452], [181.2884, -20.6678], [181.2709, -20.6602], [181.2725, -20.6452]]], [[[166.5889, -20.6619], [166.4936, -20.7086], [166.5825, -20.4134], [166.6708, -20.4502], [166.5889, -20.6619]]], [[[169.7375, -20.2021], [169.8295, -20.1447], [169.8963, -20.1866], [169.8611, -20.2418], [169.7375, -20.2021]]], [[[169.4385, -19.6488], [169.2175, -19.4764], [169.2475, -19.3447], [169.3367, -19.3293], [169.36, -19.4578], [169.4913, -19.5401], [169.4385, -19.6488]]], [[[181.4041, -19.1514], [181.4259, -19.1432], [181.4537, -19.175], [181.4041, -19.1514]]], [[[178.3343, -18.9345], [178.4877, -19.0171], [178.288, -19.0037], [178.1621, -19.1215], [177.9587, -19.1216], [178.3343, -18.9345]]], [[[180.1488, -19.0029], [180.1438, -18.9433], [180.1689, -18.9242], [180.2024, -18.9698], [180.1488, -19.0029]]], [[[169.2558, -18.7634], [169.2012, -18.7957], [169.3344, -18.9402], [169.2883, -18.9886], [168.9869, -18.8713], [169.0158, -18.6438], [169.1438, -18.6311], [169.2558, -18.7634]]], [[[185.9907, -18.6978], [185.9309, -18.6402], [185.9976, -18.5707], [186.0781, -18.5886], [185.9907, -18.6978]]], [[[181.2264, -18.2524], [181.1521, -18.2021], [181.2369, -18.1914], [181.2264, -18.2524]]], [[[179.3064, -17.944], [179.3624, -18.0652], [179.3404, -18.1104], [179.2535, -18.0306], [179.3064, -17.944]]], [[[181.0119, -17.9767], [180.9608, -17.9884], [180.921, -17.9441], [180.9524, -17.9204], [181.0119, -17.9767]]], [[[181.7489, -17.9527], [181.6932, -17.9633], [181.6428, -17.9209], [181.7197, -17.8864], [181.7489, -17.9527]]], [[[178.6677, -18.0809], [178.1602, -18.2502], [177.8471, -18.2549], [177.3832, -18.1207], [177.2635, -17.9687], [177.264, -17.8635], [177.4232, -17.7373], [177.4007, -17.6316], [177.618, -17.461], [178.1876, -17.313], [178.5916, -17.6515], [178.6677, -18.0809]]], [[[178.8525, -17.6812], [178.7761, -17.7468], [178.7477, -17.6857], [178.8311, -17.6188], [178.8525, -17.6812]]], [[[168.1582, -17.7105], [168.2731, -17.5522], [168.4458, -17.5422], [168.585, -17.6959], [168.5246, -17.798], [168.3994, -17.8072], [168.2517, -17.7808], [168.2778, -17.7061], [168.1582, -17.7105]]], [[[179.4328, -17.2716], [179.389, -17.3938], [179.3731, -17.2562], [179.4328, -17.2716]]], [[[180.9961, -17.2949], [181.0285, -17.2127], [180.995, -17.1483], [181.0852, -17.223], [180.9961, -17.2949]]], [[[177.2874, -17.0486], [177.2342, -17.1471], [177.1828, -17.1639], [177.2393, -17.0594], [177.2874, -17.0486]]], [[[180.1777, -16.7653], [179.9259, -17.0003], [179.897, -16.9641], [180.0, -16.7855], [180.139, -16.6883], [180.1777, -16.7653]]], [[[168.1992, -16.5938], [168.4766, -16.7937], [168.4602, -16.8351], [168.1814, -16.804], [168.1354, -16.6369], [168.1992, -16.5938]]], [[[179.9304, -16.5194], [179.9279, -16.7444], [179.4193, -16.8065], [179.3233, -16.7181], [179.2023, -16.7127], [179.0068, -16.9002], [178.8837, -16.886], [178.7066, -16.9762], [178.6037, -16.8006], [178.4975, -16.7879], [178.5836, -16.6219], [178.8051, -16.6314], [178.9605, -16.4828], [179.3592, -16.3799], [179.5518, -16.2499], [180.0, -16.1529], [179.6191, -16.5277], [179.5682, -16.7475], [179.9304, -16.5194]]], [[[179.9872, -16.5412], [180.0563, -16.4414], [180.0991, -16.4315], [179.9872, -16.5412]]], [[[167.8366, -16.4497], [167.4493, -16.555], [167.3492, -16.1545], [167.2181, -16.1553], [167.1515, -16.0805], [167.1995, -15.8851], [167.3357, -15.9167], [167.4125, -16.0959], [167.6813, -16.2605], [167.8366, -16.4497]]], [[[168.2967, -16.3365], [168.0217, -16.3156], [167.929, -16.2287], [168.1639, -16.0816], [168.2967, -16.3365]]], [[[180.0438, -16.1492], [180.0, -16.1683], [180.0306, -16.1261], [180.0438, -16.1492]]], [[[168.1793, -15.9257], [168.1229, -15.6809], [168.16, -15.4618], [168.2678, -15.8923], [168.2563, -15.9552], [168.1793, -15.9257]]], [[[167.2189, -15.7241], [167.0947, -15.6853], [167.119, -15.6226], [167.2344, -15.645], [167.2189, -15.7241]]], [[[168.0025, -15.2832], [167.8442, -15.4818], [167.6742, -15.4516], [167.8263, -15.312], [168.0025, -15.2832]]], [[[168.1149, -14.9886], [168.1869, -15.1969], [168.1719, -15.3906], [168.1305, -15.3189], [168.1149, -14.9886]]], [[[167.0756, -14.9356], [167.1996, -15.4857], [167.0939, -15.5809], [166.7583, -15.6312], [166.6311, -15.4061], [166.6479, -15.2115], [166.5272, -14.8501], [166.5674, -14.6418], [166.7458, -14.8269], [166.8102, -15.1574], [166.9234, -15.1392], [167.0266, -14.9227], [167.0756, -14.9356]]], [[[181.8967, -14.3249], [181.822, -14.2316], [181.9563, -14.3032], [181.8967, -14.3249]]], [[[167.4303, -14.2949], [167.4391, -14.1685], [167.5989, -14.1838], [167.5433, -14.3116], [167.4303, -14.2949]]], [[[188.5386, -13.9776], [188.5459, -14.0465], [188.2718, -14.0473], [188.0881, -14.0017], [187.9541, -13.8571], [188.1418, -13.8071], [188.5386, -13.9776]]], [[[167.4742, -13.9171], [167.3918, -13.7884], [167.4811, -13.7095], [167.5535, -13.814], [167.4742, -13.9171]]], [[[187.2215, -13.5168], [187.6665, -13.4652], [187.8231, -13.6847], [187.775, -13.8043], [187.4643, -13.7917], [187.2215, -13.5168]]], [[[183.8521, -13.2217], [183.8394, -13.3328], [183.8231, -13.3409], [183.8521, -13.2217]]], [[[177.1181, -12.4823], [177.0824, -12.5156], [177.0062, -12.4911], [177.0676, -12.477], [177.1181, -12.4823]]], [[[159.9863, -11.4947], [160.0773, -11.4929], [160.5763, -11.7979], [160.4431, -11.8149], [160.2702, -11.664], [160.0035, -11.5796], [159.9863, -11.4947]]], [[[166.8555, -11.5788], [166.9292, -11.6651], [166.806, -11.6773], [166.7475, -11.5908], [166.8555, -11.5788]]], [[[166.1621, -10.6931], [165.904, -10.8515], [165.791, -10.7848], [165.9092, -10.6743], [166.1621, -10.6931]]], [[[162.3733, -10.8232], [161.9059, -10.7644], [161.5379, -10.5664], [161.487, -10.3614], [161.2939, -10.3265], [161.3048, -10.2044], [161.8411, -10.4461], [162.1054, -10.4538], [162.288, -10.7762], [162.3733, -10.8232]]], [[[161.5538, -9.7697], [161.4098, -9.6816], [161.3642, -9.3534], [161.5479, -9.6257], [161.5538, -9.7697]]], [[[160.1682, -8.9955], [160.2535, -9.0073], [160.4075, -9.1403], [160.276, -9.1687], [160.1054, -9.0808], [160.1682, -8.9955]]], [[[161.1587, -8.9618], [161.3674, -9.6112], [161.191, -9.3929], [160.8734, -9.1568], [160.6626, -8.6206], [160.7141, -8.5393], [160.5963, -8.3282], [160.7494, -8.314], [160.9977, -8.612], [160.9443, -8.799], [161.1587, -8.9618]]], [[[185.4761, -4.6896], [185.4871, -4.6751], [185.499, -4.6947], [185.4761, -4.6896]]], [[[187.7854, -4.5111], [187.819, -4.5148], [187.8021, -4.4917], [187.7854, -4.5111]]], [[[188.7455, -4.4665], [188.7606, -4.4441], [188.7668, -4.4635], [188.7455, -4.4665]]], [[[188.3024, -2.7664], [188.3716, -2.8559], [188.2811, -2.7614], [188.3024, -2.7664]]], [[[174.7441, -1.1474], [174.756, -1.2564], [174.7168, -1.1337], [174.7441, -1.1474]]], [[[169.5256, -0.8526], [169.5511, -0.8737], [169.5229, -0.8656], [169.5256, -0.8526]]], [[[174.4641, -0.8042], [174.4527, -0.6471], [174.3811, -0.5918], [174.4748, -0.6422], [174.5087, -0.8018], [174.4641, -0.8042]]], [[[166.939, -0.5508], [166.9136, -0.4991], [166.9557, -0.497], [166.939, -0.5508]]], [[[172.99, 1.0251], [173.0865, 0.9734], [172.9911, 0.8354], [173.065, 0.9627], [172.99, 1.0251]]], [[[173.1533, 1.3875], [173.0384, 1.3421], [173.0113, 1.3384], [173.1533, 1.3875]]], [[[173.0236, 1.8093], [173.0452, 1.7416], [173.0294, 1.7174], [172.9933, 1.7131], [173.0236, 1.8093]]], [[[173.0188, 1.8457], [173.0236, 1.8226], [172.9348, 1.9437], [173.0188, 1.8457]]], [[[172.7505, 3.0331], [172.8871, 3.074], [172.7703, 3.0125], [172.7505, 3.0331]]], [[[172.9625, 3.1488], [172.9696, 3.1292], [172.8871, 3.1013], [172.9625, 3.1488]]], [[[162.9582, 5.335], [162.9935, 5.2772], [162.9211, 5.3179], [162.9582, 5.335]]], [[[169.5905, 5.8019], [169.6511, 5.9451], [169.7346, 6.0142], [169.6154, 5.7998], [169.5905, 5.8019]]], [[[171.7568, 6.9731], [171.5928, 7.0163], [171.5773, 7.0482], [171.7568, 6.9731]]], [[[171.2354, 7.0687], [171.0955, 7.1093], [171.0357, 7.1561], [171.227, 7.087], [171.3938, 7.1109], [171.2354, 7.0687]]], [[[168.6793, 7.3362], [168.8154, 7.2936], [168.6751, 7.3219], [168.6793, 7.3362]]], [[[166.8881, 11.1687], [166.8903, 11.1531], [166.8447, 11.1534], [166.8881, 11.1687]]], [[[250.5659, -27.1713], [250.6095, -27.0684], [250.77710000000002, -27.1011], [250.72, -27.1404], [250.5659, -27.1713]]], [[[231.6498, -24.3402], [231.7099, -24.3974], [231.7, -24.4126], [231.6498, -24.3402]]], [[[200.1604, -21.2381], [200.2316, -21.1885], [200.2595, -21.2492], [200.1604, -21.2381]]], [[[221.4536, -20.7951], [221.4941, -20.8572], [221.4651, -20.8759], [221.476, -20.8506], [221.4536, -20.7951]]], [[[190.166, -18.966], [190.1966, -19.083], [190.0962, -19.1379], [190.0517, -19.0729], [190.166, -18.966]]], [[[223.5739, -18.4743], [223.7061, -18.5443], [223.5215, -18.4708], [223.5739, -18.4743]]], [[[219.2268, -18.3638], [219.3146, -18.3799], [219.3281, -18.4161], [219.2268, -18.3638]]], [[[222.9324, -18.2653], [222.9704, -18.2729], [223.0287, -18.3609], [222.9324, -18.2653]]], [[[219.0749, -18.0838], [219.1773, -18.2169], [219.0265, -18.0592], [219.0749, -18.0838]]], [[[219.1675, -17.8385], [219.1956, -17.8757], [219.1484, -17.8666], [219.1964, -17.7517], [219.3618, -17.678], [219.1675, -17.8385]]], [[[210.3886, -17.5316], [210.6208, -17.5224], [210.6785, -17.69], [210.8223, -17.7366], [210.8182, -17.8623], [210.6589, -17.7324], [210.4211, -17.735], [210.3886, -17.5316]]], [[[210.0979, -17.4695], [210.1912, -17.4739], [210.2176, -17.4878], [210.1551, -17.5711], [210.0979, -17.4695]]], [[[208.5333, -16.7396], [208.6355, -16.8643], [208.5145, -16.8637], [208.5333, -16.7396]]], [[[216.6138, -16.6688], [216.5415, -16.6354], [216.4493, -16.6211], [216.5594, -16.6197], [216.6138, -16.6688]]], [[[208.5619, -16.6234], [208.4958, -16.647], [208.4942, -16.574], [208.5619, -16.6234]]], [[[216.3894, -16.6404], [216.3298, -16.5809], [216.4289, -16.6348], [216.3894, -16.6404]]], [[[214.4602, -16.2951], [214.3862, -16.0792], [214.5178, -16.3468], [214.4602, -16.2951]]], [[[217.4932, -16.0277], [217.4882, -16.0963], [217.4704, -16.1071], [217.4932, -16.0277]]], [[[214.8665, -15.762], [214.9423, -15.9011], [214.8393, -15.757], [214.8665, -15.762]]], [[[189.4319, -14.2668], [189.2308, -14.3598], [189.1795, -14.3121], [189.3108, -14.2574], [189.4319, -14.2668]]], [[[208.1972, -11.3927], [208.1933, -11.4513], [208.1867, -11.3918], [208.1972, -11.3927]]], [[[221.3755, -10.463], [221.3489, -10.5153], [221.3123, -10.5324], [221.3096, -10.4256], [221.3755, -10.463]]], [[[220.8658, -9.9263], [220.9403, -9.9313], [220.866, -10.0096], [220.8658, -9.9263]]], [[[221.1727, -9.7416], [220.9263, -9.8457], [220.8335, -9.7702], [220.9757, -9.6952], [221.1727, -9.7416]]], [[[219.9244, -9.426], [219.8556, -9.3594], [219.9291, -9.3281], [219.9689, -9.3447], [219.9244, -9.426]]], [[[220.379, -8.9479], [220.416, -8.8601], [220.4901, -8.9156], [220.379, -8.9479]]], [[[219.7826, -8.9297], [219.7756, -8.7815], [219.9423, -8.8015], [219.9539, -8.8736], [219.7826, -8.9297]]], [[[204.1277, -5.6113], [204.0856, -5.6316], [204.0714, -5.6076], [204.1277, -5.6113]]], [[[205.0488, -4.0311], [205.0437, -4.088], [204.985, -4.048], [205.0488, -4.0311]]], [[[188.9033, -3.1369], [188.9123, -3.115], [188.9148, -3.1354], [188.9033, -3.1369]]], [[[269.6013, -1.2623], [269.5761, -1.3399], [269.4805, -1.2991], [269.5228, -1.221], [269.6013, -1.2623]]], [[[270.7406, -0.7284], [270.5811, -0.911], [270.3974, -0.9135], [270.5769, -0.7223], [270.7122, -0.6898], [270.7406, -0.7284]]], [[[269.4579, -0.6765], [269.5303, -0.5174], [269.7306, -0.4847], [269.8147, -0.5448], [269.8073, -0.6588], [269.6651, -0.7716], [269.4579, -0.6765]]], [[[268.8689, -1.0196], [268.62850000000003, -1.017], [268.5165, -0.9246], [268.5417, -0.7995], [268.8791, -0.5591], [268.6308, -0.2872], [268.5711, -0.0234], [268.45, -0.0467], [268.40319999999997, 0.0021], [268.509, 0.1052], [268.6942, 0.0914], [268.8238, -0.223], [269.0245, -0.4169], [269.04110000000003, -0.5953], [269.20029999999997, -0.7521], [269.0945, -0.9405], [268.8689, -1.0196]]], [[[268.35339999999997, -0.3908], [268.3533, -0.2845], [268.5398, -0.2557], [268.6006, -0.3225], [268.574, -0.4608], [268.47360000000003, -0.4782], [268.35339999999997, -0.3908]]], [[[269.1322, -0.2714], [269.2196, -0.1604], [269.4467, -0.2784], [269.3795, -0.3643], [269.1322, -0.2714]]], [[[202.5078, 2.0293], [202.6781, 1.9686], [202.6579, 1.8556], [202.8242, 1.7398], [202.5799, 1.7875], [202.421, 1.9021], [202.4685, 1.9269], [202.5642, 1.8473], [202.6348, 1.9461], [202.5078, 2.0293]]], [[[200.631, 3.917], [200.7407, 3.8392], [200.7252, 3.7966], [200.591, 3.8732], [200.631, 3.917]]], [[[272.1793, 13.2852], [271.8193, 13.164], [271.3144, 13.2815], [271.488, 13.1839], [270.7224, 13.4781], [270.1958, 13.5601], [269.5209, 13.9009], [268.854, 13.9256], [268.6227, 13.9902], [268.1809, 14.2282], [267.7648, 14.5454], [267.1911, 15.1386], [266.08389999999997, 16.0536], [265.6258, 16.2848], [265.5736, 16.2263], [265.9987, 16.0189], [265.3385, 16.2019], [265.4129, 16.3158], [265.3492, 16.3518], [265.2092, 16.2872], [265.1413, 16.4197], [264.9792, 16.2776], [265.2006, 16.2097], [264.8656, 16.177], [264.5356, 15.9747], [263.7864, 15.6931], [263.4892, 15.6519], [262.8153, 15.9093], [262.2452, 15.9668], [261.861, 16.2063], [261.4797, 16.3048], [261.2378, 16.5348], [260.3093, 16.7196], [259.9755, 16.9205], [259.1522, 17.2005], [258.3997, 17.6516], [258.0813, 17.9598], [257.78340000000003, 17.9574], [257.30039999999997, 18.0628], [256.5584, 18.3254], [256.0875, 18.8285], [255.0615, 19.3094], [254.5179, 19.9761], [254.3306, 20.3856], [254.4574, 20.4979], [254.7398, 20.5791], [254.6729, 20.753], [254.48919999999998, 20.8087], [254.7629, 21.1192], [254.7913, 21.4908], [254.5686, 21.6183], [254.3509, 21.9881], [254.3545, 22.3269], [254.2082, 22.6275], [253.5978, 23.1956], [253.0645, 23.8813], [252.2351, 24.4719], [252.4728, 24.3601], [252.4881, 24.4892], [252.0488, 24.6149], [251.98489999999998, 24.7834], [251.7192, 25.0815], [251.85989999999998, 25.0184], [251.9485, 25.067], [251.30360000000002, 25.3829], [251.21269999999998, 25.538], [250.9712, 25.4805], [250.9315, 25.5516], [251.0272, 25.5885], [251.1134, 25.7334], [250.80349999999999, 25.5925], [250.6957, 25.6332], [250.615, 25.7271], [250.5744, 26.0326], [250.8003, 26.3052], [250.88330000000002, 26.2527], [250.7237, 26.5339], [250.5171, 26.7104], [250.2452, 26.7029], [250.1091, 26.8834], [250.05599999999998, 27.0793], [249.72289999999998, 27.1622], [249.5222, 27.3227], [249.3845, 27.6539], [249.4701, 27.8642], [249.07920000000001, 27.8889], [248.8786, 27.967], [248.5283, 28.384], [248.31990000000002, 28.4706], [247.8382, 29.0189], [247.7765, 29.2695], [247.6218, 29.3477], [247.5854, 29.5364], [247.2594354953671, 30.0], [270.19152541935483, 30.0], [270.3683, 29.9038], [270.4359707233065, 30.0], [270.5927140155728, 30.0], [270.6456, 29.8202], [270.4693, 29.7722], [270.27909999999997, 29.6193], [270.4863, 29.4201], [270.8192, 29.3357], [270.9843, 29.2029], [270.8445, 29.0166], [270.76390000000004, 29.0811], [270.6239, 28.9813], [270.6465, 29.0702], [270.5568, 29.1941], [270.2076, 29.3332], [270.1228, 29.458], [269.84090000000003, 29.5372], [269.9477, 29.4314], [269.9472, 29.3368], [269.8986, 29.1818], [269.7872, 29.1049], [269.62080000000003, 29.2951], [269.4138, 29.2715], [269.249, 29.1309], [268.7099, 29.289], [268.8492, 29.3179], [268.7512, 29.5642], [268.669, 29.5136], [268.4858, 29.5554], [268.3275, 29.7461], [268.17560000000003, 29.7507], [268.1068, 29.836], [267.8645, 29.6995], [267.916, 29.5928], [267.7392, 29.5568], [267.3287, 29.5971], [266.8243, 29.779], [266.1735, 29.7251], [266.1161, 29.81], [266.231, 29.9523], [266.1585, 29.9797], [266.0537, 29.815], [266.1095, 29.6894], [265.9003, 29.6704], [265.2404, 29.3843], [265.4737, 29.5479], [265.2217, 29.5479], [265.2581, 29.75], [265.16769999999997, 29.7526], [265.1101, 29.677], [264.9771, 29.7023], [265.1117, 29.3706], [264.8609, 29.1678], [264.7265, 28.9639], [263.7655, 28.489], [263.98900000000003, 28.6319], [263.6266, 28.657], [263.55129999999997, 28.5945], [263.36, 28.7088], [263.4753, 28.4887], [263.5789, 28.4573], [263.3236, 28.3413], [263.2265, 28.4216], [263.1605, 28.1944], [263.1084, 28.1576], [263.06669999999997, 28.2243], [262.8435, 28.1443], [262.8587, 28.0607], [262.96569999999997, 28.0938], [262.9269, 27.9861], [262.8286, 27.8796], [262.5685, 27.8372], [262.7113, 27.6706], [262.5609, 27.3283], [262.4761, 27.314], [262.2315, 27.4575], [262.3076, 27.2872], [262.5149, 27.2374], [262.4453, 26.9673], [262.56489999999997, 26.4858], [262.78610000000003, 26.0679], [262.8598, 26.0297], [262.8355, 25.7549], [262.4929, 25.0146], [262.33230000000003, 24.39], [262.2573, 23.7606], [262.2548, 22.9424], [262.1422, 22.6245], [262.2367, 22.1059], [262.4152, 21.8085], [262.6855, 21.5642], [262.5908, 21.2726], [262.6166, 21.5667], [262.4096, 21.762], [262.2462, 22.0267], [262.3625, 21.6037], [262.4854, 21.478], [262.8137, 20.717], [263.5439, 19.8698], [263.7104, 19.3438], [264.2219, 18.8055], [264.0796, 18.8196], [264.3732, 18.6906], [264.4217, 18.6904], [264.2802, 18.7684], [264.8182, 18.7007], [264.9853, 18.5706], [265.2019, 18.5146], [265.4538, 18.1749], [265.5402, 18.1667], [265.81100000000004, 18.1953], [266.4477, 18.4305], [267.1152, 18.4687], [267.2899, 18.6117], [267.55899999999997, 18.6753], [268.0262, 18.7159], [268.1196, 18.6378], [268.0864, 18.5285], [268.466, 18.4565], [268.7248, 18.6245], [268.7212, 18.7207], [268.6322, 18.8061], [268.6569, 18.9006], [268.5308, 18.833], [268.5633, 18.8898], [269.045, 19.1517], [269.2607, 19.3522], [269.3068, 19.7299], [269.5083, 19.9468], [269.5159, 20.5563], [269.6469, 21.0094], [270.1802, 21.2746], [271.1213, 21.4141], [271.5333, 21.5694], [271.9932, 21.6041], [272.7491, 21.447], [272.8117, 21.5464], [272.6315, 21.5737], [272.9652, 21.5922], [273.1759, 21.4217], [273.2282, 21.1505], [273.0738, 20.7865], [272.5786, 20.2314], [272.55830000000003, 19.8615], [272.3123, 19.6371], [272.3547, 19.5539], [272.5752, 19.5833], [272.5173, 19.4438], [272.3413, 19.3523], [272.3442, 19.2579], [272.4492, 19.3209], [272.4989, 19.2878], [272.1468, 18.269], [271.9436, 18.5245], [271.9683, 18.8389], [271.8032, 18.7197], [271.65070000000003, 18.3588], [271.86969999999997, 18.3507], [271.9147, 18.2261], [271.7283, 17.6099], [271.7965, 17.5166], [271.7112, 17.3127], [271.6866, 16.6328], [271.4377, 16.2904], [271.3048, 16.2477], [271.1209, 16.0167], [271.106, 15.8906], [271.39660000000003, 15.7642], [271.4638, 15.8496], [271.4061, 15.9503], [271.8689, 15.701], [272.125, 15.8793], [272.2981, 15.9106], [272.3818, 15.9099], [272.5131, 15.7902], [272.71410000000003, 15.8344], [273.0928, 15.7624], [273.6434, 15.7832], [274.0637, 15.9534], [274.0144, 16.0242], [274.5163, 15.8995], [275.0263, 15.9899], [275.4403, 15.802], [275.574, 15.8295], [275.48040000000003, 15.8728], [275.7386, 15.8226], [276.2347, 15.4055], [276.0272, 15.5196], [275.8887, 15.4924], [275.9049, 15.4009], [276.07259999999997, 15.394], [276.2396, 15.2204], [276.4104, 15.2658], [276.5021, 15.2221], [276.35360000000003, 15.3684], [276.6308, 15.24], [276.70910000000003, 15.0789], [276.8425, 14.9931], [276.7201, 14.8128], [276.6556, 14.9021], [276.5863, 14.8253], [276.7008, 14.749], [276.8123, 14.3401], [276.5877, 13.9965], [276.50620000000004, 13.7388], [276.4327, 13.3203], [276.4891, 12.4118], [276.40409999999997, 12.3965], [276.3728, 12.4593], [276.4066, 12.7131], [276.24580000000003, 12.502], [276.3487, 12.2871], [276.3196, 12.0243], [276.2328, 12.0593], [276.1711, 11.861], [276.2954, 11.8246], [276.3482, 11.642], [276.1321, 11.3], [276.1682, 11.1305], [276.28589999999997, 10.9338], [276.358, 10.9172], [276.65319999999997, 10.3154], [277.22159999999997, 9.6695], [277.62919999999997, 9.4286], [277.6603, 9.2092], [277.8119, 9.1917], [277.7558, 9.0315], [277.9221, 8.9349], [278.2198, 8.9572], [278.1055, 9.1404], [278.4544, 8.827], [278.6452, 8.7806], [278.9369, 8.8126], [279.4531, 9.0819], [279.8729, 9.2099], [280.4227, 9.5979], [280.8877, 9.5368], [281.0684, 9.4285], [281.4957, 9.4063], [282.1692, 9.0681], [283.1481, 8.0905], [283.07529999999997, 7.9732], [283.2134, 7.9316], [283.2577, 8.0021], [283.2279, 8.3105], [283.0795, 8.5737], [283.7231, 8.9891], [283.9728, 9.3658], [284.3606, 9.4504], [284.39639999999997, 9.5385], [284.32, 9.7298], [284.4614, 10.2052], [284.2917, 10.1434], [284.4463, 10.3277], [284.554, 10.6109], [284.7521, 10.7833], [285.1554, 11.1097], [285.6698, 10.9967], [285.5077, 10.9345], [285.4837, 10.8625], [285.5991, 10.7652], [285.8571, 11.3208], [286.6866, 11.2958], [287.27819999999997, 11.7122], [287.725, 11.8893], [287.8643, 12.1886], [288.2854, 12.42], [288.506, 12.4323], [288.73789999999997, 12.3353], [288.8627, 12.0463], [288.5854, 11.7552], [288.0431, 11.5699], [288.1649, 11.1903], [288.3584, 11.0135], [288.2691, 10.9947], [288.4057, 10.6574], [288.3352, 10.4437], [288.0443, 10.1081], [287.8872, 9.8156], [288.0237, 9.5532], [288.2393, 9.3357], [288.2599, 9.1339], [288.4634, 9.0483], [288.7586, 9.1604], [288.9142, 9.3482], [288.9473, 9.7058], [288.5058, 10.5332], [288.4554, 10.7787], [288.5389, 10.8356], [288.5305, 10.9642], [289.7675, 11.373], [289.9029, 11.5198], [290.0, 11.504726732066215], [290.0, -30.0], [288.63531591992376, -30.0], [288.6733, -29.4432], [288.5142, -29.1982], [288.4808, -28.9265], [288.6933, -28.6725], [288.8136, -28.3778], [288.9135, -27.8145], [289.0742, -27.5887], [289.1021, -27.1875], [289.35339999999997, -26.3294], [289.3646, -25.9927], [289.2863, -25.7842], [289.5478, -25.2519], [289.4259, -24.6443], [289.4926, -23.8857], [289.6077, -23.5659], [289.4119, -23.3684], [289.4066, -23.2555], [289.4368, -23.057], [289.5503, -23.0342], [289.6683, -22.8486], [289.9125, -21.4931], [289.803, -20.7254], [289.8426, -19.7059], [289.7242, -19.2676], [289.6384, -18.398], [288.663, -17.6825], [288.6006, -17.422], [288.4678, -17.2943], [287.8887, -17.0025], [287.5323, -16.7081], [286.2723, -16.2017], [285.8529, -15.9125], [284.8958, -15.4119], [284.4664, -14.8992], [284.0661, -14.6336], [283.711, -14.1331], [283.703, -13.9484], [283.62350000000004, -13.8631], [283.7408, -13.8028], [283.8161, -13.5152], [283.77639999999997, -13.3712], [283.4979, -12.9844], [283.16790000000003, -12.3487], [282.8473, -12.0604], [282.7797, -11.6634], [282.3668, -11.2878], [282.26390000000004, -10.8367], [281.8144, -10.0891], [281.2377, -8.617], [280.9877, -8.2102], [280.6228, -7.8355], [280.3823, -7.2956], [280.005, -6.7689], [279.8897, -6.6496], [278.9416, -6.1294], [278.8195, -5.9424], [278.90819999999997, -5.8124], [279.0693, -5.8408], [279.1181, -5.6351], [278.83230000000003, -5.1671], [278.8915, -5.0278], [278.6634, -4.6695], [278.71680000000003, -4.3223], [279.20140000000004, -3.7311], [280.0367, -3.1577], [280.2701, -2.5791], [280.1776, -2.3565], [280.1579, -2.0674], [280.07439999999997, -2.5485], [279.9698, -2.5567], [279.9934, -2.3538], [279.7153, -2.7067], [279.06780000000003, -2.2691], [279.0372, -2.1893], [279.2296, -2.0767], [279.2394, -1.9346], [279.165, -1.6324], [279.1986, -1.3834], [279.0976, -1.0789], [279.1586, -0.9747], [279.4461, -0.8479], [279.54449999999997, -0.5854], [279.7176, -0.6205], [279.6152, -0.584], [279.5177, -0.3683], [279.9539, 0.1554], [279.9117, 0.7848], [280.2588, 0.9798], [280.3868, 0.9711], [281.1003, 1.2063], [281.1729, 1.2959], [281.1403, 1.4554], [280.9746, 1.6237], [281.0423, 1.7522], [281.207, 1.8487], [281.4231, 1.7738], [281.44960000000003, 1.9236], [281.3714, 2.0562], [281.4083, 2.3566], [281.5831, 2.4835], [281.93330000000003, 2.5091], [282.1255, 2.7259], [282.1864, 2.7164], [282.33, 2.8789], [282.30629999999996, 3.0399], [282.4409, 3.076], [282.5829, 3.3418], [282.6435, 3.3486], [282.9232, 3.9133], [282.8334, 3.8623], [282.7365, 3.8932], [282.722, 4.0585], [282.6418, 3.9447], [282.5727, 4.0604], [282.5913, 4.2478], [282.47929999999997, 4.2128], [282.6465, 4.3983], [282.7137, 4.7217], [282.6267, 5.324], [282.4656, 5.5371], [282.7507, 5.7802], [282.5306, 6.1768], [282.527, 6.2856], [282.6018, 6.275], [282.63120000000004, 6.5756], [282.5611, 6.6903], [282.474, 6.6931], [282.1963, 7.1373], [281.8299, 7.5438], [281.5784, 8.061], [281.7126, 8.0918], [281.7188, 8.2476], [281.8581, 8.3861], [282.2395, 8.1333], [281.9875, 8.3254], [281.90049999999997, 8.497], [281.777, 8.3966], [281.6008, 8.5057], [281.5901, 8.3553], [281.4859, 8.6282], [281.3791, 8.7137], [280.9136, 8.9972], [280.75329999999997, 9.0201], [280.5585, 9.006], [280.3125, 8.851], [280.1841, 8.6392], [280.2496, 8.5955], [279.541, 8.2139], [279.5419, 8.0771], [279.9248, 7.667], [279.98879999999997, 7.5], [279.7127, 7.4256], [279.5611, 7.275], [279.1544, 7.2201], [278.9361, 7.8998], [278.8422, 7.8544], [278.8045, 7.6684], [278.7316, 7.6255], [278.49580000000003, 7.7212], [278.2724, 8.1375], [278.0267, 8.2151], [277.8401, 8.1948], [277.7646, 8.311], [277.2188, 8.3035], [277.1339, 8.2463], [277.1207, 8.0707], [276.8767, 8.3531], [276.8376, 8.5882], [276.7142, 8.6644], [276.5303, 8.7068], [276.7022, 8.5069], [276.7085, 8.406], [276.3953, 8.4803], [276.2659, 8.6145], [276.3863, 8.8041], [276.3627, 9.0354], [276.2631, 9.1503], [275.7776, 9.4625], [275.4184, 9.5684], [275.3411, 9.6467], [275.3569, 9.7894], [275.2851, 9.8994], [274.975, 10.1157], [274.7368, 10.2566], [274.8393, 10.0174], [275.0372, 9.9334], [275.1136, 9.8209], [274.8855, 9.5818], [274.6854, 9.8109], [274.319, 9.9586], [274.1503, 10.292], [274.3367, 10.6354], [274.3328, 10.745], [274.092, 10.8976], [274.2478, 10.9853], [274.2548, 11.0886], [273.5311, 11.7383], [273.149, 12.2478], [272.3325, 12.9036], [272.4149, 13.0433], [272.5756, 12.9211], [272.6614, 12.95], [272.6675, 13.0847], [272.5872, 13.1274], [272.5109, 13.3529], [272.1858, 13.3992], [272.26300000000003, 13.4514], [272.1616, 13.3858], [272.1793, 13.2852]], [[262.5597, 25.8908], [262.6244, 25.8718], [262.6418, 25.8705], [262.5597, 25.8908]], [[270.6374, 14.416], [270.58119999999997, 14.4311], [270.8299, 14.3603], [270.6374, 14.416]], [[281.96299999999997, 0.8987], [281.6879, 1.0461], [281.8193, 0.9686], [281.96299999999997, 0.8987]], [[288.392, -10.0061], [287.8184, -10.0037], [287.85699999999997, -10.0052], [288.392, -10.0061]], [[289.7799, -11.0477], [289.68295888982226, -11.062809771069546], [289.7096, -11.0643], [289.7799, -11.0477]]], [[[272.07, 17.283], [272.17359999999996, 17.5463], [272.2114, 17.5242], [272.07, 17.283]]], [[[272.1515, 18.1404], [272.0494, 17.925], [272.0019, 17.9063], [272.1017, 18.1549], [272.1515, 18.1404]]], [[[268.41089999999997, 18.778], [268.3163, 18.6773], [268.1839, 18.6759], [268.41089999999997, 18.778]]], [[[249.0106, 18.8631], [249.0855, 18.7415], [249.02519999999998, 18.7204], [248.93630000000002, 18.7816], [249.0106, 18.8631]]], [[[204.1797, 20.0142], [204.1072, 20.1674], [204.1684, 20.2758], [204.8012, 19.9944], [204.9139, 19.8756], [204.9341, 19.7482], [205.1958, 19.5245], [204.9465, 19.3192], [204.6904, 19.2602], [204.3192, 18.9677], [204.1187, 19.0705], [204.1093, 19.3825], [203.9513, 19.75], [204.1797, 20.0142]]], [[[272.9806, 20.3823], [273.0722, 20.5515], [273.2367, 20.5791], [273.0086, 20.2722], [272.9806, 20.3823]]], [[[203.5912, 20.6052], [203.5199, 20.8012], [203.3103, 20.9014], [203.3431, 21.0245], [203.4146, 21.0343], [203.5392, 20.9147], [203.7225, 20.9513], [204.0102, 20.7571], [203.8929, 20.6448], [203.5912, 20.6052]]], [[[203.0911, 20.7445], [202.9494, 20.9125], [203.0582, 20.93], [203.1906, 20.8312], [203.0911, 20.7445]]], [[[202.7097, 21.1126], [202.75, 21.2298], [203.2878, 21.1551], [203.1401, 21.0563], [202.7097, 21.1126]]], [[[273.2609, 21.28], [273.3037, 21.191], [273.2471, 21.2788], [273.2609, 21.28]]], [[[201.9827, 21.3677], [202.019, 21.3161], [201.8896, 21.3186], [201.7269, 21.5853], [202.0375, 21.7014], [202.1704, 21.4714], [202.2791, 21.4577], [202.3646, 21.3076], [202.2012, 21.2686], [201.9827, 21.3677]]], [[[253.3606, 21.6979], [253.46359999999999, 21.6764], [253.4687, 21.5285], [253.393, 21.5615], [253.3606, 21.6979]]], [[[199.7998, 21.7969], [199.7791, 21.8973], [199.9513, 22.0046], [199.92, 21.9074], [199.7998, 21.7969]]], [[[200.6952, 22.1541], [200.6562, 21.9736], [200.5393, 21.8761], [200.2108, 22.0418], [200.4208, 22.2231], [200.6479, 22.2196], [200.6952, 22.1541]]], [[[250.2062, 24.1834], [250.1732, 24.1476], [250.1221, 24.2006], [250.1097, 24.3448], [250.2062, 24.1834]]], [[[248.14319999999998, 24.538], [248.2877, 24.3464], [247.98669999999998, 24.5334], [248.14319999999998, 24.538]]], [[[247.8016, 24.8854], [247.92270000000002, 24.5346], [247.8245, 24.7296], [247.70319999999998, 24.7896], [247.8406, 25.2856], [247.8016, 24.8854]]], [[[249.3426, 24.9688], [249.3098, 25.0878], [249.4048, 25.0421], [249.4611, 24.8916], [249.3426, 24.9688]]], [[[248.8647, 25.9992], [248.7955, 25.8497], [248.77530000000002, 25.8359], [248.81709999999998, 26.0406], [248.9091, 26.0757], [248.9056, 25.9741], [248.8647, 25.9992]]], [[[246.6182, 28.9467], [246.6793, 28.8131], [246.7944, 28.7988], [246.9063, 28.5118], [247.1292, 28.4242], [247.26600000000002, 27.826], [247.67079999999999, 27.5234], [247.80849999999998, 27.1867], [247.99599999999998, 27.0791], [247.9909, 26.9671], [248.1168, 26.8402], [248.1374, 26.6785], [248.3006, 26.581], [248.1832, 26.7563], [248.2047, 26.8797], [248.4303, 26.7076], [248.6679, 26.1254], [248.70839999999998, 25.7898], [248.85039999999998, 25.5726], [248.9656, 25.527], [249.1061, 25.1442], [249.3132, 24.8677], [249.2655, 24.5898], [249.3407, 24.3415], [249.6326, 24.1005], [249.70319999999998, 24.1949], [249.67489999999998, 24.306], [249.7371, 24.3445], [250.18869999999998, 23.939], [250.3234, 23.6616], [250.4904, 23.5979], [250.57920000000001, 23.4801], [250.5043, 23.1598], [250.17700000000002, 22.9222], [249.9938, 22.894], [249.8194, 23.3415], [249.63729999999998, 23.6049], [249.37, 23.7373], [248.9638, 24.1053], [248.31709999999998, 24.5558], [248.1975, 24.5425], [248.15179999999998, 24.6701], [247.9274, 24.84], [247.8715, 25.0431], [247.9442, 25.4882], [247.8262, 25.9126], [247.62279999999998, 26.2139], [247.3416, 26.3167], [246.9792, 26.5833], [246.8808, 26.7165], [246.8442, 26.9462], [246.7277, 26.791], [246.4015, 26.7213], [246.159, 26.9665], [246.0035, 26.9877], [245.8899, 27.106], [245.5547, 27.2182], [245.4601, 27.4311], [245.00650000000002, 27.736], [244.9635, 27.8418], [245.43, 27.7839], [245.6994, 27.873], [245.6978, 27.7757], [245.9307, 27.6757], [245.8246, 27.8306], [245.8416, 27.9197], [245.7341, 27.9345], [245.90730000000002, 28.2213], [245.9515, 28.4262], [245.8545, 28.6054], [245.0627, 29.3516], [244.8336, 29.4272], [244.3262, 29.7564], [244.1977020967742, 30.0], [245.47557575516691, 30.0], [246.24450000000002, 29.3675], [246.4547, 29.1022], [246.50029999999998, 28.9267], [246.6182, 28.9467]]], [[[262.5979, 26.8205], [262.61400000000003, 27.1965], [262.8155, 26.1129], [262.7327, 26.3298], [262.5979, 26.8205]]], [[[262.705, 27.5231], [262.9395, 27.822], [262.6152, 27.2425], [262.705, 27.5231]]], [[[263.1007, 28.1175], [263.1603, 28.0888], [262.964, 27.8992], [263.0213, 28.0139], [263.1007, 28.1175]]], [[[244.6471, 28.104], [244.7396, 28.2206], [244.7665, 28.3684], [244.8515, 28.1721], [244.8157, 28.0373], [244.6471, 28.104]]], [[[263.1989, 28.1484], [263.5469, 28.3406], [263.5964, 28.3816], [263.5867, 28.3378], [263.1989, 28.1484]]], [[[247.7216, 28.7693], [247.469, 28.894], [247.53019999999998, 29.1677], [247.7149, 29.2404], [247.7969, 29.0053], [247.7216, 28.7693]]], [[[241.7145, 28.9038], [241.5986, 29.1627], [241.6877, 29.1829], [241.7526, 29.0434], [241.7145, 28.9038]]], [[[265.2324, 29.3391], [265.13509999999997, 29.2529], [264.9104, 29.1363], [265.174, 29.3413], [265.2324, 29.3391]]], [[[246.62619999999998, 29.3389], [246.7979, 29.3019], [246.8372, 29.0348], [246.4194, 29.4132], [246.4128, 29.573], [246.5841, 29.4859], [246.62619999999998, 29.3389]]], [[[268.0038, 29.5731], [268.075, 29.6439], [268.2457, 29.5669], [268.1691, 29.4865], [268.0038, 29.5731]]], [[[271.0988, 29.7326], [271.1107, 29.7126], [271.0564, 29.6603], [271.0988, 29.7326]]], [[[271.15029119251756, 30.0], [271.1726, 29.8077], [271.1443, 29.7759], [271.15029119251756, 30.0]]], [[[279.9066, -2.8459], [279.84929999999997, -3.0117], [279.7271, -2.9959], [279.7763, -2.7531], [279.9192, -2.6688], [280.091, -2.7256], [279.9066, -2.8459]]], [[[281.0083, 1.2932], [281.1002, 1.3598], [281.0908, 1.2528], [281.0083, 1.2932]]], [[[281.7899, 2.6092], [281.8624, 2.6342], [281.8863, 2.5417], [281.8592, 2.5197], [281.7899, 2.6092]]], [[[278.3866, 7.3802], [278.3419, 7.3275], [278.1479, 7.4533], [278.1878, 7.5924], [278.2712, 7.6212], [278.3053, 7.425], [278.3866, 7.3802]]], [[[280.9346, 8.2542], [280.8896, 8.2098], [280.9037, 8.2954], [280.9346, 8.2542]]], [[[281.0819, 8.2319], [281.0394, 8.4358], [281.1438, 8.4482], [281.1608, 8.3479], [281.0819, 8.2319]]], [[[277.6783, 9.4181], [277.7665, 9.3807], [277.7556, 9.3341], [277.6783, 9.4181]]], [[[289.80740000000003, 11.6246], [289.7135, 11.886], [289.7972, 12.0984], [289.996, 12.1779], [290.0, 11.657076038338658], [289.80740000000003, 11.6246]]], [[[289.9649, 12.6141], [290.0, 12.587774999999999], [290.0, 12.489115819209037], [289.9339, 12.547], [289.9649, 12.6141]]], [[[273.3696, 16.3018], [273.6622, 16.4392], [273.7445, 16.4282], [273.3696, 16.3018]]], [[[274.1662, 16.5109], [274.1291, 16.4615], [274.0528, 16.4036], [274.0758, 16.4833], [274.1662, 16.5109]]], [[[283.4754, 17.8662], [283.1468, 17.9737], [283.0559, 17.8488], [282.8805, 17.8801], [282.795, 17.7149], [282.6386, 17.8337], [282.2318, 17.8774], [281.95550000000003, 18.1738], [281.7059, 18.2181], [281.674, 18.3498], [281.7833, 18.4481], [282.1266, 18.5222], [283.09180000000003, 18.3904], [283.2993, 18.2572], [283.6501, 18.1519], [283.7892, 17.9135], [283.4754, 17.8662]]], [[[289.3141, 19.7933], [289.5636, 19.7712], [289.8062, 19.638], [290.0, 19.67265392670157], [290.0, 18.38022042657916], [289.81690000000003, 18.2518], [289.5201, 18.2173], [289.3553, 18.3362], [288.9722, 18.2732], [288.60429999999997, 17.6461], [288.3683, 17.7736], [288.2875, 18.0055], [287.94010000000003, 18.2286], [287.1233, 18.1518], [286.6148, 18.2512], [286.356, 18.2291], [286.115, 18.0419], [285.9146, 18.2151], [285.54, 18.3931], [285.6125, 18.6247], [285.7723, 18.6627], [287.2106, 18.4348], [287.3819, 18.5508], [287.6239, 18.5745], [287.65229999999997, 18.675], [287.1889, 19.0716], [287.2588, 19.1313], [287.2968, 19.4411], [286.9473, 19.6107], [286.6037, 19.6587], [286.5616, 19.7221], [286.6847, 19.8546], [287.12350000000004, 19.9281], [288.1653, 19.6967], [288.4422, 19.8954], [288.7641, 19.8481], [289.0458, 19.914], [289.3141, 19.7933]]], [[[286.7147, 18.8967], [286.72360000000003, 18.9541], [286.9309, 18.932], [287.1954, 18.7777], [287.1778, 18.7071], [286.7147, 18.8967]]], [[[278.609, 19.3849], [278.6627, 19.3295], [278.8929, 19.3052], [278.5952, 19.2784], [278.609, 19.3849]]], [[[279.8741, 19.6684], [280.0082, 19.7193], [280.021, 19.7082], [279.8741, 19.6684]]], [[[280.1766, 19.7119], [280.0938, 19.7025], [280.2577, 19.7571], [280.1766, 19.7119]]], [[[287.37649999999996, 20.0142], [287.0396, 20.0623], [287.209, 20.0919], [287.37649999999996, 20.0142]]], [[[286.57550000000003, 21.2018], [286.7646, 21.1545], [286.9883, 21.2995], [286.8354, 20.9792], [286.339, 20.9374], [286.3196, 21.1033], [286.57550000000003, 21.2018]]], [[[286.9507, 21.4576], [287.0052, 21.5616], [287.08389999999997, 21.5067], [286.9507, 21.4576]]], [[[279.4495, 23.0166], [280.1797, 22.887], [280.1493, 22.8272], [280.72429999999997, 22.4076], [281.3135, 22.3668], [282.3632, 21.7974], [282.5029, 21.7883], [282.41679999999997, 21.8893], [282.5027, 21.8716], [282.8559, 21.6436], [282.81870000000004, 21.5977], [282.6338, 21.6126], [282.7471, 21.4835], [282.90139999999997, 21.589], [283.1637, 21.3995], [283.1326, 21.3304], [283.2739, 21.3589], [283.3526, 21.2845], [283.7408, 21.2274], [283.9264, 21.1334], [284.2771, 21.111], [284.4042, 20.9947], [284.3371, 20.8981], [284.4027, 20.8376], [284.2598, 20.812], [284.2754, 20.7146], [285.1174, 20.6506], [285.4869, 20.3846], [285.8325, 20.2922], [285.8463, 20.1686], [285.7472, 20.0797], [285.3652, 20.0582], [284.8836, 19.9014], [284.84839999999997, 20.0083], [284.7095, 19.8931], [283.84159999999997, 19.9897], [282.2849, 19.8555], [282.4462, 20.0821], [282.8962, 20.4075], [282.7704, 20.6438], [281.8836, 20.7619], [281.5092, 21.0537], [281.4234, 21.4138], [281.2723, 21.5927], [280.6426, 21.5852], [279.76869999999997, 21.8722], [279.5146, 22.1234], [279.5009, 22.0635], [278.9644, 22.0736], [278.8145, 22.268], [278.7156, 22.1094], [278.5589, 22.1838], [278.1506, 22.2137], [277.9223, 22.3877], [278.2896, 22.4967], [278.2973, 22.5919], [278.1612, 22.6725], [277.262, 22.6893], [276.6204, 22.223], [276.09929999999997, 22.1701], [275.969, 21.9431], [275.49739999999997, 21.7762], [275.4986, 21.9303], [275.1128, 21.857], [275.67359999999996, 22.0743], [275.6387, 22.3789], [275.8782, 22.6186], [276.7422, 22.9676], [277.8986, 23.1904], [278.4246, 23.1165], [278.7376, 23.1568], [278.85540000000003, 23.0549], [279.3499, 23.1031], [279.4495, 23.0166]]], [[[277.02639999999997, 21.5923], [276.9175, 21.7914], [277.0088, 21.9427], [277.2854, 21.8903], [277.4382, 21.5717], [277.0404, 21.4413], [276.8162, 21.5935], [276.9451, 21.5494], [277.02639999999997, 21.5923]]], [[[288.1696, 21.7906], [288.1938, 21.8521], [288.36310000000003, 21.7875], [288.3346, 21.7517], [288.1696, 21.7906]]], [[[287.6646, 21.758], [287.6672, 21.8514], [287.8557, 21.7927], [287.8093, 21.7698], [287.6646, 21.758]]], [[[288.1201, 21.8404], [287.981, 21.9183], [287.9894, 21.9504], [288.0685, 21.9519], [288.1201, 21.8404]]], [[[282.2899, 21.9213], [282.1, 22.0372], [282.08140000000003, 22.0881], [282.3663, 22.054], [282.2899, 21.9213]]], [[[282.1575, 22.149], [281.9583, 22.2013], [282.0008, 22.2987], [282.1575, 22.149]]], [[[281.9729, 22.2852], [281.82, 22.322], [281.7265, 22.4236], [281.8494, 22.4315], [281.9729, 22.2852]]], [[[287.2161, 22.2906], [287.1108, 22.3603], [286.8381, 22.3807], [286.87260000000003, 22.4553], [287.1692, 22.3856], [287.2527, 22.3274], [287.2161, 22.2906]]], [[[286.0458, 22.7155], [286.15, 22.7311], [286.1635, 22.5384], [286.0254, 22.3612], [285.7231, 22.1837], [286.06399999999996, 22.4777], [286.0458, 22.7155]]], [[[281.3045, 22.534], [281.6488, 22.5386], [281.7161, 22.4555], [281.4523, 22.464], [281.3045, 22.534]]], [[[280.6521, 22.6377], [280.4772, 22.7111], [280.3718, 22.8052], [280.4208, 22.8067], [280.6521, 22.6377]]], [[[285.9652, 22.7056], [285.90139999999997, 22.6654], [285.7254, 22.7117], [285.693, 22.8396], [285.9652, 22.7056]]], [[[284.68399999999997, 23.6684], [284.9358, 23.1502], [285.1544, 22.9999], [285.1531, 22.8687], [285.0267, 23.0686], [284.7767, 23.1653], [284.8694, 23.2679], [284.68399999999997, 23.6684]]], [[[284.3354, 23.4501], [283.9629, 23.6028], [283.9896, 23.6714], [284.3354, 23.4501]]], [[[282.2287, 23.7525], [282.0001, 24.2198], [282.2985, 24.2875], [282.3438, 24.2266], [282.24469999999997, 24.1635], [282.31669999999997, 24.1185], [282.3846, 24.2164], [282.48130000000003, 23.8694], [282.42629999999997, 23.7392], [282.2287, 23.7525]]], [[[285.54949999999997, 24.1255], [285.4913, 23.9597], [285.4491, 23.9689], [285.4731, 24.1051], [285.54949999999997, 24.1255]]], [[[284.5911, 24.2658], [284.2733, 24.6894], [284.3465, 24.6809], [284.6982, 24.1492], [284.4968, 24.1391], [284.5911, 24.2658]]], [[[278.2613, 24.5754], [278.19079999999997, 24.5423], [278.1886, 24.5578], [278.2613, 24.5754]]], [[[278.4377, 24.6892], [278.43330000000003, 24.5999], [278.3685, 24.59], [278.4377, 24.6892]]], [[[278.6777, 24.6851], [278.6209, 24.6663], [278.5799, 24.75], [278.6777, 24.6851]]], [[[279.0695, 24.7595], [278.90999999999997, 24.6931], [278.8626, 24.7105], [278.9147, 24.7342], [279.0695, 24.7595]]], [[[281.8084, 24.4661], [281.5647, 24.6276], [281.66110000000003, 24.642], [281.681, 24.5902], [281.7573, 24.6538], [281.7012, 24.7539], [281.8159, 24.9171], [281.7886, 25.1913], [281.8372, 25.2023], [282.0247, 25.0848], [282.02660000000003, 25.0048], [282.25620000000004, 24.7074], [282.2649, 24.4958], [281.9551, 24.2875], [281.8542, 24.4935], [281.8084, 24.4661]]], [[[279.2006, 24.8463], [279.1706, 24.8037], [279.1517, 24.8037], [279.2006, 24.8463]]], [[[279.3743, 24.9411], [279.3617, 24.9032], [279.3349, 24.8984], [279.3743, 24.9411]]], [[[282.4588, 25.0136], [282.5487, 25.0807], [282.7309, 25.0438], [282.5395, 24.9931], [282.4588, 25.0136]]], [[[283.68, 24.8177], [283.7862, 24.8225], [283.8396, 25.1193], [283.6307, 25.3126], [283.3793, 25.4316], [283.2193, 25.4269], [283.2892, 25.5649], [283.8734, 25.1405], [283.83050000000003, 24.6494], [283.68, 24.8177]]], [[[279.544, 25.1493], [279.7429, 25.3476], [279.4194, 24.9542], [279.544, 25.1493]]], [[[282.7939, 26.489], [282.4894, 26.846], [282.05629999999996, 26.9036], [282.4661, 26.9034], [282.9336, 26.5302], [282.9617, 26.3334], [282.8327, 26.2403], [282.80899999999997, 25.9555], [282.7536, 25.8955], [282.59680000000003, 26.0247], [282.7532, 26.1563], [282.7789, 26.3618], [282.7939, 26.489]]], [[[277.79859999999996, 26.548], [277.9628, 26.4536], [277.855, 26.4467], [277.79859999999996, 26.548]]], [[[277.8789, 26.6655], [277.9148, 26.4936], [277.8309, 26.7007], [277.8789, 26.6655]]], [[[281.2008, 26.5285], [281.0144, 26.6895], [281.202, 26.5824], [281.2875, 26.599], [281.4029, 26.7979], [281.62829999999997, 26.6979], [282.0561, 26.7442], [282.0775, 26.6911], [281.3291, 26.5065], [281.2008, 26.5285]]], [[[279.5631, 27.8505], [279.8132, 27.2784], [279.8295, 27.2048], [279.5631, 27.8505]]], [[[279.39, 28.1776], [279.3931, 28.5229], [279.3065, 28.345], [279.2683, 28.4629], [279.3115, 28.5785], [279.16179999999997, 28.7577], [279.2514, 28.381], [279.9113, 26.9939], [279.9587, 26.5686], [279.8736, 25.8335], [279.8411, 25.8783], [279.6992, 25.6186], [279.6331, 25.3313], [279.5153, 25.2298], [278.8895, 25.138], [278.8326, 25.2285], [278.86400000000003, 25.3097], [279.0346, 25.2243], [279.0596, 25.2642], [278.8867, 25.3672], [278.63509999999997, 25.8311], [278.2845, 25.9832], [278.1334, 26.435], [278.04110000000003, 26.4899], [278.1713, 26.6871], [277.9604, 26.5521], [277.93309999999997, 26.8916], [277.9867, 26.9616], [277.8189, 26.9368], [277.8193, 26.8401], [277.71, 26.8708], [277.2854, 27.4996], [277.3642, 27.5246], [277.59950000000003, 27.8354], [277.3641, 27.9812], [277.3248, 27.9638], [277.40340000000003, 27.8732], [277.33910000000003, 27.7184], [277.2571, 27.7094], [277.1565, 27.846], [277.3394, 28.4858], [277.3485, 28.8875], [277.2307, 29.0516], [276.7095, 29.4519], [276.3056, 29.926], [276.16001394825645, 30.0], [278.698504835924, 30.0], [279.1, 29.0499], [279.4759, 28.4861], [279.415, 28.2716], [279.5431, 27.9007], [279.39, 28.1776]]], [[[274.8833, 29.6328], [275.1878, 29.7176], [275.26279999999997, 29.7324], [274.9917, 29.6066], [274.8833, 29.6328]]], [[[274.6811, 29.6802], [274.5862, 29.8425], [274.6636, 29.7401], [274.6932, 29.7979], [274.46729274469544, 30.0], [275.63216659528905, 30.0], [275.6172, 29.9074], [274.97069999999997, 29.7211], [274.6811, 29.6802]]]]}}]}